study,dataset,variable,instrument,question,item
soep-is,bioage,age,soep-is-2022,762,prev_jg
soep-is,bioage,behav1,soep-is-2022,782,behav1
soep-is,bioage,behav10,soep-is-2022,782,behav10
soep-is,bioage,behav11,soep-is-2022,782,behav11
soep-is,bioage,behav12,soep-is-2022,782,behav12
soep-is,bioage,behav13,soep-is-2022,782,behav13
soep-is,bioage,behav14,soep-is-2022,782,behav14
soep-is,bioage,behav15,soep-is-2022,782,behav15
soep-is,bioage,behav16,soep-is-2022,782,behav16
soep-is,bioage,behav17,soep-is-2022,782,behav17
soep-is,bioage,behav18,soep-is-2022,782,behav18
soep-is,bioage,behav2,soep-is-2022,782,behav2
soep-is,bioage,behav3,soep-is-2022,782,behav3
soep-is,bioage,behav4,soep-is-2022,782,behav4
soep-is,bioage,behav5,soep-is-2022,782,behav5
soep-is,bioage,behav6,soep-is-2022,782,behav6
soep-is,bioage,behav7,soep-is-2022,782,behav7
soep-is,bioage,behav8,soep-is-2022,782,behav8
soep-is,bioage,behav9,soep-is-2022,782,behav9
soep-is,bioage,birthpw,soep-is-2022,766,birthpw
soep-is,bioage,birthy,soep-is-2022,762,prev_jg
soep-is,bioage,char10,soep-is-2022,781,char10
soep-is,bioage,char1b,soep-is-2022,781,char1b
soep-is,bioage,char2,soep-is-2022,781,char2
soep-is,bioage,char3,soep-is-2022,781,char3_v1
soep-is,bioage,char4,soep-is-2022,781,char4
soep-is,bioage,char5,soep-is-2022,781,char5
soep-is,bioage,char6,soep-is-2022,781,char6
soep-is,bioage,char7,soep-is-2022,781,char7
soep-is,bioage,char8,soep-is-2022,781,char8
soep-is,bioage,char9,soep-is-2022,781,char9
soep-is,bioage,disord1,soep-is-2022,779,disord1
soep-is,bioage,disord10,soep-is-2022,779,disord10
soep-is,bioage,disord2,soep-is-2022,779,disord2
soep-is,bioage,disord3,soep-is-2022,779,disord3
soep-is,bioage,disord4,soep-is-2022,779,disord4
soep-is,bioage,disord5,soep-is-2022,779,disord5
soep-is,bioage,disord6,soep-is-2022,779,disord6
soep-is,bioage,disord7,soep-is-2022,779,disord7
soep-is,bioage,disord8,soep-is-2022,779,disord8
soep-is,bioage,disord9,soep-is-2022,779,disord9
soep-is,bioage,height,soep-is-2022,774,height
soep-is,bioage,heightb,soep-is-2022,769,heightb
soep-is,bioage,idegrad1,soep-is-2022,784,idegrad1
soep-is,bioage,idegrad2,soep-is-2022,784,idegrad2
soep-is,bioage,idegrad3,soep-is-2022,784,idegrad3
soep-is,bioage,ill10,soep-is-2022,780,ill10
soep-is,bioage,ill11,soep-is-2022,780,ill11
soep-is,bioage,ill12,soep-is-2022,780,ill12
soep-is,bioage,ill13,soep-is-2022,780,ill13
soep-is,bioage,ill14,soep-is-2022,780,ill14
soep-is,bioage,ill2,soep-is-2022,780,ill2
soep-is,bioage,ill32,soep-is-2022,780,ill32
soep-is,bioage,ill4,soep-is-2022,780,ill4
soep-is,bioage,ill5,soep-is-2022,780,ill5
soep-is,bioage,ill6,soep-is-2022,780,ill6
soep-is,bioage,ill7,soep-is-2022,780,ill7
soep-is,bioage,ill8,soep-is-2022,780,ill8
soep-is,bioage,ill9,soep-is-2022,780,ill9
soep-is,bioage,kc_kindbetr,soep-is-2022,158,kc_kindbetr_1
soep-is,bioage,kc_kindbetr,soep-is-2022,183,kc_kindbetr_2
soep-is,bioage,kc_kindbetr,soep-is-2022,208,kc_kindbetr_3
soep-is,bioage,kc_kindbetr,soep-is-2022,233,kc_kindbetr_4
soep-is,bioage,kc_kindbetr,soep-is-2022,258,kc_kindbetr_5
soep-is,bioage,kc_kindbetr,soep-is-2022,283,kc_kindbetr_6
soep-is,bioage,kc_kindbetr,soep-is-2022,308,kc_kindbetr_7
soep-is,bioage,kc_kindbetr,soep-is-2022,333,kc_kindbetr_8
soep-is,bioage,kc_kindbetr,soep-is-2022,358,kc_kindbetr_9
soep-is,bioage,kc_kindbetr,soep-is-2022,383,kc_kindbetr_10
soep-is,bioage,kc_wbezb,soep-is-2022,159,kc_wbezb_1
soep-is,bioage,kc_wbezb,soep-is-2022,184,kc_wbezb_2
soep-is,bioage,kc_wbezb,soep-is-2022,209,kc_wbezb_3
soep-is,bioage,kc_wbezb,soep-is-2022,234,kc_wbezb_4
soep-is,bioage,kc_wbezb,soep-is-2022,259,kc_wbezb_5
soep-is,bioage,kc_wbezb,soep-is-2022,284,kc_wbezb_6
soep-is,bioage,kc_wbezb,soep-is-2022,309,kc_wbezb_7
soep-is,bioage,kc_wbezb,soep-is-2022,334,kc_wbezb_8
soep-is,bioage,kc_wbezb,soep-is-2022,359,kc_wbezb_9
soep-is,bioage,kc_wbezb,soep-is-2022,384,kc_wbezb_10
soep-is,bioage,kc_weltern,soep-is-2022,159,kc_weltern_1
soep-is,bioage,kc_weltern,soep-is-2022,184,kc_weltern_2
soep-is,bioage,kc_weltern,soep-is-2022,209,kc_weltern_3
soep-is,bioage,kc_weltern,soep-is-2022,234,kc_weltern_4
soep-is,bioage,kc_weltern,soep-is-2022,259,kc_weltern_5
soep-is,bioage,kc_weltern,soep-is-2022,284,kc_weltern_6
soep-is,bioage,kc_weltern,soep-is-2022,309,kc_weltern_7
soep-is,bioage,kc_weltern,soep-is-2022,334,kc_weltern_8
soep-is,bioage,kc_weltern,soep-is-2022,359,kc_weltern_9
soep-is,bioage,kc_weltern,soep-is-2022,384,kc_weltern_10
soep-is,bioage,kc_wfreund,soep-is-2022,159,kc_wfreund_1
soep-is,bioage,kc_wfreund,soep-is-2022,184,kc_wfreund_2
soep-is,bioage,kc_wfreund,soep-is-2022,209,kc_wfreund_3
soep-is,bioage,kc_wfreund,soep-is-2022,234,kc_wfreund_4
soep-is,bioage,kc_wfreund,soep-is-2022,259,kc_wfreund_5
soep-is,bioage,kc_wfreund,soep-is-2022,284,kc_wfreund_6
soep-is,bioage,kc_wfreund,soep-is-2022,309,kc_wfreund_7
soep-is,bioage,kc_wfreund,soep-is-2022,334,kc_wfreund_8
soep-is,bioage,kc_wfreund,soep-is-2022,359,kc_wfreund_9
soep-is,bioage,kc_wfreund,soep-is-2022,384,kc_wfreund_10
soep-is,bioage,kc_wgeltern,soep-is-2022,159,kc_wgeltern_1
soep-is,bioage,kc_wgeltern,soep-is-2022,184,kc_wgeltern_2
soep-is,bioage,kc_wgeltern,soep-is-2022,209,kc_wgeltern_3
soep-is,bioage,kc_wgeltern,soep-is-2022,234,kc_wgeltern_4
soep-is,bioage,kc_wgeltern,soep-is-2022,259,kc_wgeltern_5
soep-is,bioage,kc_wgeltern,soep-is-2022,284,kc_wgeltern_6
soep-is,bioage,kc_wgeltern,soep-is-2022,309,kc_wgeltern_7
soep-is,bioage,kc_wgeltern,soep-is-2022,334,kc_wgeltern_8
soep-is,bioage,kc_wgeltern,soep-is-2022,359,kc_wgeltern_9
soep-is,bioage,kc_wgeltern,soep-is-2022,384,kc_wgeltern_10
soep-is,bioage,kc_wgesch,soep-is-2022,159,kc_wgesch_1
soep-is,bioage,kc_wgesch,soep-is-2022,184,kc_wgesch_2
soep-is,bioage,kc_wgesch,soep-is-2022,209,kc_wgesch_3
soep-is,bioage,kc_wgesch,soep-is-2022,234,kc_wgesch_4
soep-is,bioage,kc_wgesch,soep-is-2022,259,kc_wgesch_5
soep-is,bioage,kc_wgesch,soep-is-2022,284,kc_wgesch_6
soep-is,bioage,kc_wgesch,soep-is-2022,309,kc_wgesch_7
soep-is,bioage,kc_wgesch,soep-is-2022,334,kc_wgesch_8
soep-is,bioage,kc_wgesch,soep-is-2022,359,kc_wgesch_9
soep-is,bioage,kc_wgesch,soep-is-2022,384,kc_wgesch_10
soep-is,bioage,kc_wnone,soep-is-2022,159,kc_wnone_1
soep-is,bioage,kc_wnone,soep-is-2022,184,kc_wnone_2
soep-is,bioage,kc_wnone,soep-is-2022,209,kc_wnone_3
soep-is,bioage,kc_wnone,soep-is-2022,234,kc_wnone_4
soep-is,bioage,kc_wnone,soep-is-2022,259,kc_wnone_5
soep-is,bioage,kc_wnone,soep-is-2022,284,kc_wnone_6
soep-is,bioage,kc_wnone,soep-is-2022,309,kc_wnone_7
soep-is,bioage,kc_wnone,soep-is-2022,334,kc_wnone_8
soep-is,bioage,kc_wnone,soep-is-2022,359,kc_wnone_9
soep-is,bioage,kc_wnone,soep-is-2022,384,kc_wnone_10
soep-is,bioage,kc_wpart,soep-is-2022,159,kc_wpart_1
soep-is,bioage,kc_wpart,soep-is-2022,184,kc_wpart_2
soep-is,bioage,kc_wpart,soep-is-2022,209,kc_wpart_3
soep-is,bioage,kc_wpart,soep-is-2022,234,kc_wpart_4
soep-is,bioage,kc_wpart,soep-is-2022,259,kc_wpart_5
soep-is,bioage,kc_wpart,soep-is-2022,284,kc_wpart_6
soep-is,bioage,kc_wpart,soep-is-2022,309,kc_wpart_7
soep-is,bioage,kc_wpart,soep-is-2022,334,kc_wpart_8
soep-is,bioage,kc_wpart,soep-is-2022,359,kc_wpart_9
soep-is,bioage,kc_wpart,soep-is-2022,384,kc_wpart_10
soep-is,bioage,kc_wselbst,soep-is-2022,159,kc_wselbst_1
soep-is,bioage,kc_wselbst,soep-is-2022,184,kc_wselbst_2
soep-is,bioage,kc_wselbst,soep-is-2022,209,kc_wselbst_3
soep-is,bioage,kc_wselbst,soep-is-2022,234,kc_wselbst_4
soep-is,bioage,kc_wselbst,soep-is-2022,259,kc_wselbst_5
soep-is,bioage,kc_wselbst,soep-is-2022,284,kc_wselbst_6
soep-is,bioage,kc_wselbst,soep-is-2022,309,kc_wselbst_7
soep-is,bioage,kc_wselbst,soep-is-2022,334,kc_wselbst_8
soep-is,bioage,kc_wselbst,soep-is-2022,359,kc_wselbst_9
soep-is,bioage,kc_wselbst,soep-is-2022,384,kc_wselbst_10
soep-is,bioage,kc_wtagm,soep-is-2022,159,kc_wtagm_1
soep-is,bioage,kc_wtagm,soep-is-2022,184,kc_wtagm_2
soep-is,bioage,kc_wtagm,soep-is-2022,209,kc_wtagm_3
soep-is,bioage,kc_wtagm,soep-is-2022,234,kc_wtagm_4
soep-is,bioage,kc_wtagm,soep-is-2022,259,kc_wtagm_5
soep-is,bioage,kc_wtagm,soep-is-2022,284,kc_wtagm_6
soep-is,bioage,kc_wtagm,soep-is-2022,309,kc_wtagm_7
soep-is,bioage,kc_wtagm,soep-is-2022,334,kc_wtagm_8
soep-is,bioage,kc_wtagm,soep-is-2022,359,kc_wtagm_9
soep-is,bioage,kc_wtagm,soep-is-2022,384,kc_wtagm_10
soep-is,bioage,kc_wverw,soep-is-2022,159,kc_wverw_1
soep-is,bioage,kc_wverw,soep-is-2022,184,kc_wverw_2
soep-is,bioage,kc_wverw,soep-is-2022,209,kc_wverw_3
soep-is,bioage,kc_wverw,soep-is-2022,234,kc_wverw_4
soep-is,bioage,kc_wverw,soep-is-2022,259,kc_wverw_5
soep-is,bioage,kc_wverw,soep-is-2022,284,kc_wverw_6
soep-is,bioage,kc_wverw,soep-is-2022,309,kc_wverw_7
soep-is,bioage,kc_wverw,soep-is-2022,334,kc_wverw_8
soep-is,bioage,kc_wverw,soep-is-2022,359,kc_wverw_9
soep-is,bioage,kc_wverw,soep-is-2022,384,kc_wverw_10
soep-is,bioage,kd_time_v2,soep-is-2022,156,kd_time_v2_1
soep-is,bioage,kd_time_v2,soep-is-2022,181,kd_time_v2_2
soep-is,bioage,kd_time_v2,soep-is-2022,206,kd_time_v2_3
soep-is,bioage,kd_time_v2,soep-is-2022,231,kd_time_v2_4
soep-is,bioage,kd_time_v2,soep-is-2022,256,kd_time_v2_5
soep-is,bioage,kd_time_v2,soep-is-2022,281,kd_time_v2_6
soep-is,bioage,kd_time_v2,soep-is-2022,306,kd_time_v2_7
soep-is,bioage,kd_time_v2,soep-is-2022,331,kd_time_v2_8
soep-is,bioage,kd_time_v2,soep-is-2022,356,kd_time_v2_9
soep-is,bioage,kd_time_v2,soep-is-2022,381,kd_time_v2_10
soep-is,bioage,ks_asc_v2,soep-is-2022,157,ks_asc_v2_1
soep-is,bioage,ks_asc_v2,soep-is-2022,182,ks_asc_v2_2
soep-is,bioage,ks_asc_v2,soep-is-2022,207,ks_asc_v2_3
soep-is,bioage,ks_asc_v2,soep-is-2022,232,ks_asc_v2_4
soep-is,bioage,ks_asc_v2,soep-is-2022,257,ks_asc_v2_5
soep-is,bioage,ks_asc_v2,soep-is-2022,282,ks_asc_v2_6
soep-is,bioage,ks_asc_v2,soep-is-2022,307,ks_asc_v2_7
soep-is,bioage,ks_asc_v2,soep-is-2022,332,ks_asc_v2_8
soep-is,bioage,ks_asc_v2,soep-is-2022,357,ks_asc_v2_9
soep-is,bioage,ks_asc_v2,soep-is-2022,382,ks_asc_v2_10
soep-is,bioage,ks_gen_v4,soep-is-2022,136,ks_gen_v4_1
soep-is,bioage,ks_gen_v4,soep-is-2022,161,ks_gen_v4_2
soep-is,bioage,ks_gen_v4,soep-is-2022,186,ks_gen_v4_3
soep-is,bioage,ks_gen_v4,soep-is-2022,211,ks_gen_v4_4
soep-is,bioage,ks_gen_v4,soep-is-2022,236,ks_gen_v4_5
soep-is,bioage,ks_gen_v4,soep-is-2022,261,ks_gen_v4_6
soep-is,bioage,ks_gen_v4,soep-is-2022,286,ks_gen_v4_7
soep-is,bioage,ks_gen_v4,soep-is-2022,311,ks_gen_v4_8
soep-is,bioage,ks_gen_v4,soep-is-2022,336,ks_gen_v4_9
soep-is,bioage,ks_gen_v4,soep-is-2022,361,ks_gen_v4_10
soep-is,bioage,ks_hasc,soep-is-2022,157,ks_hasc_1
soep-is,bioage,ks_hasc,soep-is-2022,182,ks_hasc_2
soep-is,bioage,ks_hasc,soep-is-2022,207,ks_hasc_3
soep-is,bioage,ks_hasc,soep-is-2022,232,ks_hasc_4
soep-is,bioage,ks_hasc,soep-is-2022,257,ks_hasc_5
soep-is,bioage,ks_hasc,soep-is-2022,282,ks_hasc_6
soep-is,bioage,ks_hasc,soep-is-2022,307,ks_hasc_7
soep-is,bioage,ks_hasc,soep-is-2022,332,ks_hasc_8
soep-is,bioage,ks_hasc,soep-is-2022,357,ks_hasc_9
soep-is,bioage,ks_hasc,soep-is-2022,382,ks_hasc_10
soep-is,bioage,ks_none_v3,soep-is-2022,136,ks_none_v3_1
soep-is,bioage,ks_none_v3,soep-is-2022,161,ks_none_v3_2
soep-is,bioage,ks_none_v3,soep-is-2022,186,ks_none_v3_3
soep-is,bioage,ks_none_v3,soep-is-2022,211,ks_none_v3_4
soep-is,bioage,ks_none_v3,soep-is-2022,236,ks_none_v3_5
soep-is,bioage,ks_none_v3,soep-is-2022,261,ks_none_v3_6
soep-is,bioage,ks_none_v3,soep-is-2022,286,ks_none_v3_7
soep-is,bioage,ks_none_v3,soep-is-2022,311,ks_none_v3_8
soep-is,bioage,ks_none_v3,soep-is-2022,336,ks_none_v3_9
soep-is,bioage,ks_none_v3,soep-is-2022,361,ks_none_v3_10
soep-is,bioage,ks_pre_v7,soep-is-2022,158,ks_pre_v7_1
soep-is,bioage,ks_pre_v7,soep-is-2022,183,ks_pre_v7_2
soep-is,bioage,ks_pre_v7,soep-is-2022,208,ks_pre_v7_3
soep-is,bioage,ks_pre_v7,soep-is-2022,233,ks_pre_v7_4
soep-is,bioage,ks_pre_v7,soep-is-2022,258,ks_pre_v7_5
soep-is,bioage,ks_pre_v7,soep-is-2022,283,ks_pre_v7_6
soep-is,bioage,ks_pre_v7,soep-is-2022,308,ks_pre_v7_7
soep-is,bioage,ks_pre_v7,soep-is-2022,333,ks_pre_v7_8
soep-is,bioage,ks_pre_v7,soep-is-2022,358,ks_pre_v7_9
soep-is,bioage,ks_pre_v7,soep-is-2022,383,ks_pre_v7_10
soep-is,bioage,ks_spe,soep-is-2022,155,ks_spe_1
soep-is,bioage,ks_spe,soep-is-2022,180,ks_spe_2
soep-is,bioage,ks_spe,soep-is-2022,205,ks_spe_3
soep-is,bioage,ks_spe,soep-is-2022,230,ks_spe_4
soep-is,bioage,ks_spe,soep-is-2022,255,ks_spe_5
soep-is,bioage,ks_spe,soep-is-2022,280,ks_spe_6
soep-is,bioage,ks_spe,soep-is-2022,305,ks_spe_7
soep-is,bioage,ks_spe,soep-is-2022,330,ks_spe_8
soep-is,bioage,ks_spe,soep-is-2022,355,ks_spe_9
soep-is,bioage,ks_spe,soep-is-2022,380,ks_spe_10
soep-is,bioage,probgra1,soep-is-2022,785,probgra1
soep-is,bioage,probgra2,soep-is-2022,785,probgra2
soep-is,bioage,probgra3,soep-is-2022,785,probgra3
soep-is,bioage,weight,soep-is-2022,774,weight
soep-is,bioage,weightb,soep-is-2022,769,weightb
soep-is,biol,l_isco08_fjob,soep-is-2022,669,lv07
soep-is,biol,l_isco08_mjob,soep-is-2022,669_m,lm07
soep-is,biol,l_kldb2010_fjob,soep-is-2022,669,lv07
soep-is,biol,l_kldb2010_mjob,soep-is-2022,669_m,lm07
soep-is,biol,lb0011_h,soep-is-2022,577,lb0011_v1
soep-is,biol,lb0011_v1,soep-is-2022,577,lb0011_v1
soep-is,biol,lb0016_v6,soep-is-2022,581,lb0016_v6
soep-is,biol,lb0057,soep-is-2022,583,lb0057
soep-is,biol,lb0066,soep-is-2022,628,lb0066
soep-is,biol,lb0067,soep-is-2022,628,lb0067
soep-is,biol,lb0068,soep-is-2022,628,lb0068
soep-is,biol,lb0069,soep-is-2022,628,lb0069
soep-is,biol,lb0070,soep-is-2022,628,lb0070
soep-is,biol,lb0071,soep-is-2022,628,lb0071
soep-is,biol,lb0072,soep-is-2022,628,lb0072
soep-is,biol,lb0073,soep-is-2022,628,lb0073
soep-is,biol,lb0078_v3,soep-is-2022,656,lb0078_v3
soep-is,biol,lb0079_v3,soep-is-2022,656_m,lb0079_v3
soep-is,biol,lb0080_h,soep-is-2022,658,lb0080_v1
soep-is,biol,lb0080_v1,soep-is-2022,658,lb0080_v1
soep-is,biol,lb0081_h,soep-is-2022,658_m,lb0081_v1
soep-is,biol,lb0081_v1,soep-is-2022,658_m,lb0081_v1
soep-is,biol,lb0082_h,soep-is-2022,649,lb0082_v1
soep-is,biol,lb0082_v1,soep-is-2022,649,lb0082_v1
soep-is,biol,lb0083_h,soep-is-2022,649_m,lb0083_v1
soep-is,biol,lb0083_v1,soep-is-2022,649_m,lb0083_v1
soep-is,biol,lb0090_h,soep-is-2022,662,lb0090_v3
soep-is,biol,lb0090_v3,soep-is-2022,662,lb0090_v3
soep-is,biol,lb0091_h,soep-is-2022,662_m,lb0091_v3
soep-is,biol,lb0091_v3,soep-is-2022,662_m,lb0091_v3
soep-is,biol,lb0110,soep-is-2022,663,lb0110
soep-is,biol,lb0111,soep-is-2022,663_m,lb0111
soep-is,biol,lb0114,soep-is-2022,665,lb0114
soep-is,biol,lb0115,soep-is-2022,665_m,lb0115
soep-is,biol,lb0116_h,soep-is-2022,666,lb0116_v2
soep-is,biol,lb0116_v2,soep-is-2022,666,lb0116_v2
soep-is,biol,lb0117_h,soep-is-2022,666_m,lb0117_v2
soep-is,biol,lb0117_v2,soep-is-2022,666_m,lb0117_v2
soep-is,biol,lb0118,soep-is-2022,667,lb0118
soep-is,biol,lb0119,soep-is-2022,667_m,lb0119
soep-is,biol,lb0120_h,soep-is-2022,668,lb0120_v2
soep-is,biol,lb0120_v2,soep-is-2022,668,lb0120_v2
soep-is,biol,lb0121_h,soep-is-2022,668_m,lb0121_v2
soep-is,biol,lb0121_v2,soep-is-2022,668_m,lb0121_v2
soep-is,biol,lb0122_h,soep-is-2022,664,lb0122_v1
soep-is,biol,lb0122_v2,soep-is-2022,664,lb0122_v1
soep-is,biol,lb0123_h,soep-is-2022,664_m,lb0123_v1
soep-is,biol,lb0123_v2,soep-is-2022,664_m,lb0123_v1
soep-is,biol,lb0124_h,soep-is-2022,661,lb0124_v2
soep-is,biol,lb0124_v2,soep-is-2022,661,lb0124_v2
soep-is,biol,lb0125_h,soep-is-2022,661_m,lb0125_v2
soep-is,biol,lb0125_v2,soep-is-2022,661_m,lb0125_v2
soep-is,biol,lb0182,soep-is-2022,630,lb0182
soep-is,biol,lb0183,soep-is-2022,630,lb0183
soep-is,biol,lb0186_v2,soep-is-2022,634,lb0186_v2
soep-is,biol,lb0187,soep-is-2022,635,lb0187
soep-is,biol,lb0188,soep-is-2022,638,lb0188
soep-is,biol,lb0191,soep-is-2022,640,lb0191
soep-is,biol,lb0197,soep-is-2022,645,lb0197
soep-is,biol,lb0199_h,soep-is-2022,646,lb0199_v3
soep-is,biol,lb0199_v3,soep-is-2022,646,lb0199_v3
soep-is,biol,lb0200_h,soep-is-2022,646,lb0200_v3
soep-is,biol,lb0200_v3,soep-is-2022,646,lb0200_v3
soep-is,biol,lb0203_h,soep-is-2022,646,lb0203_v2
soep-is,biol,lb0203_v2,soep-is-2022,646,lb0203_v2
soep-is,biol,lb0205_h,soep-is-2022,646,lb0205_v3
soep-is,biol,lb0205_v3,soep-is-2022,646,lb0205_v3
soep-is,biol,lb0206_h,soep-is-2022,646,lb0206_v3
soep-is,biol,lb0206_v3,soep-is-2022,646,lb0206_v3
soep-is,biol,lb0209_h,soep-is-2022,646,lb0209_v2
soep-is,biol,lb0209_v2,soep-is-2022,646,lb0209_v2
soep-is,biol,lb0216,soep-is-2022,646,lb0216
soep-is,biol,lb0248,soep-is-2022,421_1,lb0248
soep-is,biol,lb0266_h,soep-is-2022,421_1,lb0266_v2
soep-is,biol,lb0266_v2,soep-is-2022,421_1,lb0266_v2
soep-is,biol,lb0267_h,soep-is-2022,421_3,lb0267_v2
soep-is,biol,lb0267_v2,soep-is-2022,421_3,lb0267_v2
soep-is,biol,lb0269_h,soep-is-2022,421_4,lb0269_v2
soep-is,biol,lb0269_v2,soep-is-2022,421_4,lb0269_v2
soep-is,biol,lb0283,soep-is-2022,585,lb0283
soep-is,biol,lb0285,soep-is-2022,705,lb0285
soep-is,biol,lb0287_h,soep-is-2022,709,lb0287_v2
soep-is,biol,lb0287_v2,soep-is-2022,709,lb0287_v2
soep-is,biol,lb0288_h,soep-is-2022,712,lb0288_v3
soep-is,biol,lb0288_v3,soep-is-2022,712,lb0288_v3
soep-is,biol,lb0289_v5,soep-is-2022,713,lb0289_v5
soep-is,biol,lb0290_h,soep-is-2022,714,lb0290_v2
soep-is,biol,lb0290_v2,soep-is-2022,714,lb0290_v2
soep-is,biol,lb0291_h,soep-is-2022,717,lb0291_v3
soep-is,biol,lb0291_v3,soep-is-2022,717,lb0291_v3
soep-is,biol,lb0292_v5,soep-is-2022,718,lb0292_v5
soep-is,biol,lb0293_h,soep-is-2022,719,lb0293_v2
soep-is,biol,lb0293_v2,soep-is-2022,719,lb0293_v2
soep-is,biol,lb0294_h,soep-is-2022,722,lb0294_v3
soep-is,biol,lb0294_v3,soep-is-2022,722,lb0294_v3
soep-is,biol,lb0295_v5,soep-is-2022,723,lb0295_v5
soep-is,biol,lb0296_h,soep-is-2022,724,lb0296_v2
soep-is,biol,lb0296_v2,soep-is-2022,724,lb0296_v2
soep-is,biol,lb0297_h,soep-is-2022,727,lb0297_v3
soep-is,biol,lb0297_v3,soep-is-2022,727,lb0297_v3
soep-is,biol,lb0298_v5,soep-is-2022,728,lb0298_v5
soep-is,biol,lb0299_h,soep-is-2022,729,lb0299_v2
soep-is,biol,lb0299_v2,soep-is-2022,729,lb0299_v2
soep-is,biol,lb0300_h,soep-is-2022,732,lb0300_v3
soep-is,biol,lb0300_v3,soep-is-2022,732,lb0300_v3
soep-is,biol,lb0301_v5,soep-is-2022,733,lb0301_v5
soep-is,biol,lb0302_h,soep-is-2022,734,lb0302_v2
soep-is,biol,lb0302_v2,soep-is-2022,734,lb0302_v2
soep-is,biol,lb0303_v3,soep-is-2022,737,lb0303_v3
soep-is,biol,lb0304_v5,soep-is-2022,738,lb0304_v5
soep-is,biol,lb0305_h,soep-is-2022,739,lb0305_v2
soep-is,biol,lb0305_v2,soep-is-2022,739,lb0305_v2
soep-is,biol,lb0306_v3,soep-is-2022,742,lb0306_v3
soep-is,biol,lb0307_v5,soep-is-2022,743,lb0307_v5
soep-is,biol,lb0308_h,soep-is-2022,744,lb0308_v2
soep-is,biol,lb0308_v2,soep-is-2022,744,lb0308_v2
soep-is,biol,lb0309_v3,soep-is-2022,747,lb0309_v3
soep-is,biol,lb0310_v5,soep-is-2022,748,lb0310_v5
soep-is,biol,lb0312_h,soep-is-2022,670,lb0312_v2
soep-is,biol,lb0312_v2,soep-is-2022,670,lb0312_v2
soep-is,biol,lb0313_v2,soep-is-2022,670,lb0313_v2
soep-is,biol,lb0314_h,soep-is-2022,670,lb0314_v2
soep-is,biol,lb0314_v2,soep-is-2022,670,lb0314_v2
soep-is,biol,lb0315_h,soep-is-2022,670,lb0315_v2
soep-is,biol,lb0315_v2,soep-is-2022,670,lb0315_v2
soep-is,biol,lb0316,soep-is-2022,670,lb0316
soep-is,biol,lb0317_h,soep-is-2022,670,lb0317_v2
soep-is,biol,lb0317_v2,soep-is-2022,670,lb0317_v2
soep-is,biol,lb0318_h,soep-is-2022,670,lb0318_v2
soep-is,biol,lb0318_v2,soep-is-2022,670,lb0318_v2
soep-is,biol,lb0319,soep-is-2022,670,lb0319
soep-is,biol,lb0320_h,soep-is-2022,670,lb0320_v2
soep-is,biol,lb0320_v2,soep-is-2022,670,lb0320_v2
soep-is,biol,lb0574,soep-is-2022,646,lb0574
soep-is,biol,lb0637,soep-is-2022,670,lb0637
soep-is,biol,lb0684_h,soep-is-2022,670,lb0684_v1
soep-is,biol,lb0684_v1,soep-is-2022,670,lb0684_v1
soep-is,biol,lb0788,soep-is-2022,670,lb0788
soep-is,biol,lb0789,soep-is-2022,670,lb0789
soep-is,biol,lb0992,soep-is-2022,670,lb0992
soep-is,biol,lb0993,soep-is-2022,670,lb0993
soep-is,biol,lb1022_h,soep-is-2022,584,lb1022_v2
soep-is,biol,lb1022_h,soep-is-2022,584,lb1022_v3
soep-is,biol,lb1022_h,soep-is-2022,584,lb1022_v4
soep-is,biol,lb1022_v2,soep-is-2022,584,lb1022_v2
soep-is,biol,lb1022_v3,soep-is-2022,584,lb1022_v3
soep-is,biol,lb1022_v4,soep-is-2022,584,lb1022_v4
soep-is,biol,lb1040,soep-is-2022,590,lb1042
soep-is,biol,lb1041,soep-is-2022,626,lb1040_10
soep-is,biol,lb1042,soep-is-2022,594,lb1043
soep-is,biol,lb1043,soep-is-2022,598,lb1044
soep-is,biol,lb1044,soep-is-2022,602,lb1045
soep-is,biol,lb1045,soep-is-2022,606,lb1046
soep-is,biol,lb1046,soep-is-2022,610,lb1047
soep-is,biol,lb1047,soep-is-2022,614,lb1048
soep-is,biol,lb1048,soep-is-2022,618,lb1049
soep-is,biol,lb1049,soep-is-2022,622,lb1041
soep-is,biol,lb1050,soep-is-2022,590,lb1052
soep-is,biol,lb1051,soep-is-2022,626,lb1050_10
soep-is,biol,lb1052,soep-is-2022,594,lb1053
soep-is,biol,lb1053,soep-is-2022,598,lb1054
soep-is,biol,lb1054,soep-is-2022,602,lb1055
soep-is,biol,lb1055,soep-is-2022,606,lb1056
soep-is,biol,lb1056,soep-is-2022,610,lb1057
soep-is,biol,lb1057,soep-is-2022,614,lb1058
soep-is,biol,lb1058,soep-is-2022,618,lb1059
soep-is,biol,lb1059,soep-is-2022,622,lb1051
soep-is,biol,lb1061_v2,soep-is-2022,589,lb1063_v2
soep-is,biol,lb1062_h,soep-is-2022,625,lb1061_10
soep-is,biol,lb1062_v2,soep-is-2022,625,lb1061_10
soep-is,biol,lb1063_h,soep-is-2022,593,lb1064_v2
soep-is,biol,lb1063_v2,soep-is-2022,593,lb1064_v2
soep-is,biol,lb1064_h,soep-is-2022,597,lb1065_v2
soep-is,biol,lb1064_v2,soep-is-2022,597,lb1065_v2
soep-is,biol,lb1065_h,soep-is-2022,601,lb1066_v2
soep-is,biol,lb1065_v2,soep-is-2022,601,lb1066_v2
soep-is,biol,lb1066_h,soep-is-2022,605,lb1067_v2
soep-is,biol,lb1066_v2,soep-is-2022,605,lb1067_v2
soep-is,biol,lb1067_h,soep-is-2022,609,lb1068_v2
soep-is,biol,lb1067_v2,soep-is-2022,609,lb1068_v2
soep-is,biol,lb1068_h,soep-is-2022,613,lb1069_v2
soep-is,biol,lb1068_v2,soep-is-2022,613,lb1069_v2
soep-is,biol,lb1069_h,soep-is-2022,617,lb1070_v2
soep-is,biol,lb1069_v2,soep-is-2022,617,lb1070_v2
soep-is,biol,lb1070_h,soep-is-2022,621,lb1062_v2
soep-is,biol,lb1070_v2,soep-is-2022,621,lb1062_v2
soep-is,biol,lb1071,soep-is-2022,587,lb1073
soep-is,biol,lb1072,soep-is-2022,623,lb1071_10
soep-is,biol,lb1073,soep-is-2022,591,lb1074
soep-is,biol,lb1074,soep-is-2022,595,lb1075
soep-is,biol,lb1075,soep-is-2022,599,lb1076
soep-is,biol,lb1076,soep-is-2022,603,lb1077
soep-is,biol,lb1077,soep-is-2022,607,lb1078
soep-is,biol,lb1078,soep-is-2022,611,lb1079
soep-is,biol,lb1079,soep-is-2022,615,lb1080
soep-is,biol,lb1080,soep-is-2022,619,lb1072
soep-is,biol,lb1081,soep-is-2022,587,lb1083
soep-is,biol,lb1082,soep-is-2022,623,lb1081_10
soep-is,biol,lb1083,soep-is-2022,591,lb1084
soep-is,biol,lb1084,soep-is-2022,595,lb1085
soep-is,biol,lb1085,soep-is-2022,599,lb1086
soep-is,biol,lb1086,soep-is-2022,603,lb1087
soep-is,biol,lb1087,soep-is-2022,607,lb1088
soep-is,biol,lb1088,soep-is-2022,611,lb1089
soep-is,biol,lb1089,soep-is-2022,615,lb1090
soep-is,biol,lb1090,soep-is-2022,619,lb1082
soep-is,biol,lb1091_v2,soep-is-2022,586,lb1091
soep-is,biol,lb1092_v2,soep-is-2022,588,lb1094_v2
soep-is,biol,lb1093_h,soep-is-2022,624,lb1092_v1_10
soep-is,biol,lb1093_v2,soep-is-2022,624,lb1092_v1_10
soep-is,biol,lb1094_h,soep-is-2022,592,lb1095_v2
soep-is,biol,lb1094_v2,soep-is-2022,592,lb1095_v2
soep-is,biol,lb1095_h,soep-is-2022,596,lb1096_v2
soep-is,biol,lb1095_v2,soep-is-2022,596,lb1096_v2
soep-is,biol,lb1096_h,soep-is-2022,600,lb1097_v2
soep-is,biol,lb1096_v2,soep-is-2022,600,lb1097_v2
soep-is,biol,lb1097_h,soep-is-2022,604,lb1098_v2
soep-is,biol,lb1097_v2,soep-is-2022,604,lb1098_v2
soep-is,biol,lb1098_h,soep-is-2022,608,lb1099_v2
soep-is,biol,lb1098_v2,soep-is-2022,608,lb1099_v2
soep-is,biol,lb1099_h,soep-is-2022,612,lb1100_v2
soep-is,biol,lb1099_v2,soep-is-2022,612,lb1100_v2
soep-is,biol,lb1100_h,soep-is-2022,616,lb1101_v2
soep-is,biol,lb1100_v2,soep-is-2022,616,lb1101_v2
soep-is,biol,lb1101_h,soep-is-2022,620,lb1093_v2
soep-is,biol,lb1101_v2,soep-is-2022,620,lb1093_v2
soep-is,biol,lb1104,soep-is-2022,670,lb1104
soep-is,biol,lb1105_h,soep-is-2022,670,lb1105_v2
soep-is,biol,lb1105_v2,soep-is-2022,670,lb1105_v2
soep-is,biol,lb1106,soep-is-2022,670,lb1106
soep-is,biol,lb1107_h,soep-is-2022,670,lb1107_v2
soep-is,biol,lb1107_v2,soep-is-2022,670,lb1107_v2
soep-is,biol,lb1108_h,soep-is-2022,670,lb1108_v2
soep-is,biol,lb1108_v2,soep-is-2022,670,lb1108_v2
soep-is,biol,lb1138,soep-is-2022,754,lb1138
soep-is,biol,lb1139,soep-is-2022,749,lb1139
soep-is,biol,lb1165,soep-is-2022,757,lb1165
soep-is,biol,lb1166_v2,soep-is-2022,752,lb1166_v2
soep-is,biol,lb1167,soep-is-2022,753,lb1167
soep-is,biol,lb1196,soep-is-2022,670,lb1196
soep-is,biol,lb1197,soep-is-2022,670,lb1197
soep-is,biol,lb1198,soep-is-2022,670,lb1198
soep-is,biol,lb1200_h,soep-is-2022,670,lb1200_v2
soep-is,biol,lb1200_v2,soep-is-2022,670,lb1200_v2
soep-is,biol,lb1201_h,soep-is-2022,670,lb1201_v2
soep-is,biol,lb1201_v2,soep-is-2022,670,lb1201_v2
soep-is,biol,lb1202_h,soep-is-2022,670,lb1202_v2
soep-is,biol,lb1202_v2,soep-is-2022,670,lb1202_v2
soep-is,biol,lb1203,soep-is-2022,670,lb1203
soep-is,biol,lb1204,soep-is-2022,670,lb1204
soep-is,biol,lb1205,soep-is-2022,670,lb1205
soep-is,biol,lb1206,soep-is-2022,670,lb1206
soep-is,biol,lb1207,soep-is-2022,670,lb1207
soep-is,biol,lb1208,soep-is-2022,670,lb1208
soep-is,biol,lb1210,soep-is-2022,670,lb1210
soep-is,biol,lb1211,soep-is-2022,670,lb1211
soep-is,biol,lb1212,soep-is-2022,670,lb1212
soep-is,biol,lb1214,soep-is-2022,670,lb1214
soep-is,biol,lb1215,soep-is-2022,670,lb1215
soep-is,biol,lb1216,soep-is-2022,670,lb1216
soep-is,biol,lb1217,soep-is-2022,670,lb1217
soep-is,biol,lb1218,soep-is-2022,670,lb1218
soep-is,biol,lb1219,soep-is-2022,670,lb1219
soep-is,biol,lb1220,soep-is-2022,670,lb1220
soep-is,biol,lb1221,soep-is-2022,670,lb1221
soep-is,biol,lb1222_h,soep-is-2022,670,lb1222_v2
soep-is,biol,lb1222_v2,soep-is-2022,670,lb1222_v2
soep-is,biol,lb1223_h,soep-is-2022,670,lb1223_v2
soep-is,biol,lb1223_v2,soep-is-2022,670,lb1223_v2
soep-is,biol,lb1224_h,soep-is-2022,670,lb1224_v2
soep-is,biol,lb1224_v2,soep-is-2022,670,lb1224_v2
soep-is,biol,lb1271,soep-is-2022,758,lb1271
soep-is,biol,lb1272_h,soep-is-2022,421_6,lb1272_v1
soep-is,biol,lb1272_v1,soep-is-2022,421_6,lb1272_v1
soep-is,biol,lb1340_h,soep-is-2022,578,lb1340_v2
soep-is,biol,lb1340_v2,soep-is-2022,578,lb1340_v2
soep-is,biol,lb1341_h,soep-is-2022,580,lb1341_v3
soep-is,biol,lb1341_v3,soep-is-2022,580,lb1341_v3
soep-is,biol,lb1343_h,soep-is-2022,651_m,lb1343_v2
soep-is,biol,lb1343_v2,soep-is-2022,651_m,lb1343_v2
soep-is,biol,lb1344_h,soep-is-2022,651,lb1344_v2
soep-is,biol,lb1344_v2,soep-is-2022,651,lb1344_v2
soep-is,biol,lb1369,soep-is-2022,582,lb1369
soep-is,biol,lb1375_h,soep-is-2022,639,lb1375_v2
soep-is,biol,lb1375_v2,soep-is-2022,639,lb1375_v2
soep-is,biol,lb1377,soep-is-2022,648,lb1377
soep-is,biol,lb1378,soep-is-2022,648_m,lb1378
soep-is,biol,lb1381,soep-is-2022,654,lb1381
soep-is,biol,lb1382,soep-is-2022,654_m,lb1382
soep-is,biol,lb1383,soep-is-2022,657,lb1383
soep-is,biol,lb1384,soep-is-2022,657_m,lb1384
soep-is,biol,lb1437_h,soep-is-2022,652,lb1437_v2
soep-is,biol,lb1437_v2,soep-is-2022,652,lb1437_v2
soep-is,biol,lb1438_h,soep-is-2022,652_m,lb1438_v2
soep-is,biol,lb1438_v2,soep-is-2022,652_m,lb1438_v2
soep-is,biol,lm0056i01_v2,soep-is-2022,655,lm0056i01_v2
soep-is,biol,lm0056i02_v2,soep-is-2022,655_m,lm0056i02_v2
soep-is,biol,lm0057i01_h,soep-is-2022,659,lm0057i01_v2
soep-is,biol,lm0057i01_v2,soep-is-2022,659,lm0057i01_v2
soep-is,biol,lm0057i02_h,soep-is-2022,659_m,lm0057i02_v2
soep-is,biol,lm0057i02_v2,soep-is-2022,659_m,lm0057i02_v2
soep-is,biol,lm0058i01,soep-is-2022,660,lm0058i01
soep-is,biol,lm0058i02,soep-is-2022,660_m,lm0058i02
soep-is,biol,lr2113,soep-is-2022,653_m,lr2113
soep-is,biol,lr2117,soep-is-2022,653,lr2117
soep-is,hl,hlc0005_h,soep-is-2022,121,hlc0005_v2
soep-is,hl,hlc0005_v2,soep-is-2022,121,hlc0005_v2
soep-is,hl,hlc0006_v4,soep-is-2022,124,hlc0006_v4
soep-is,hl,hlc0006_v5,soep-is-2022,125,hlc0006_v5
soep-is,hl,hlc0006_v6,soep-is-2022,126,hlc0006_v6
soep-is,hl,hlc0006_v7,soep-is-2022,127,hlc0006_v7
soep-is,hl,hlc0006_v8,soep-is-2022,128,hlc0006_v8
soep-is,hl,hlc0007,soep-is-2022,60,hlc0007
soep-is,hl,hlc0008_h,soep-is-2022,61,hlc0008_v2
soep-is,hl,hlc0008_v2,soep-is-2022,61,hlc0008_v2
soep-is,hl,hlc0013_h,soep-is-2022,73,hlc0013_v2
soep-is,hl,hlc0013_v2,soep-is-2022,73,hlc0013_v2
soep-is,hl,hlc0014,soep-is-2022,75,hlc0014
soep-is,hl,hlc0043,soep-is-2022,77,hlc0043
soep-is,hl,hlc0044_h,soep-is-2022,76,hlc0044_v2
soep-is,hl,hlc0044_v2,soep-is-2022,76,hlc0044_v2
soep-is,hl,hlc0045_h,soep-is-2022,77,hlc0045_v2
soep-is,hl,hlc0045_v2,soep-is-2022,77,hlc0045_v2
soep-is,hl,hlc0046_h,soep-is-2022,83,hlc0046_v4
soep-is,hl,hlc0046_v4,soep-is-2022,83,hlc0046_v4
soep-is,hl,hlc0047_h,soep-is-2022,84,hlc0047_v2
soep-is,hl,hlc0047_v2,soep-is-2022,84,hlc0047_v2
soep-is,hl,hlc0064_h,soep-is-2022,91,hlc0064_v2
soep-is,hl,hlc0064_v2,soep-is-2022,91,hlc0064_v2
soep-is,hl,hlc0065,soep-is-2022,92,hlc0065
soep-is,hl,hlc0067_h,soep-is-2022,103,hlc0067_v1
soep-is,hl,hlc0067_v1,soep-is-2022,103,hlc0067_v1
soep-is,hl,hlc0068_h,soep-is-2022,104,hlc0068_v2
soep-is,hl,hlc0068_v2,soep-is-2022,104,hlc0068_v2
soep-is,hl,hlc0070_h,soep-is-2022,109,hlc0070_v2
soep-is,hl,hlc0070_v2,soep-is-2022,109,hlc0070_v2
soep-is,hl,hlc0071,soep-is-2022,110,hlc0071
soep-is,hl,hlc0083_h,soep-is-2022,115,hlc0083_v1
soep-is,hl,hlc0083_v1,soep-is-2022,115,hlc0083_v1
soep-is,hl,hlc0084_h,soep-is-2022,116,hlc0084_v2
soep-is,hl,hlc0084_v2,soep-is-2022,116,hlc0084_v2
soep-is,hl,hlc0085_h,soep-is-2022,97,hlc0085_v6
soep-is,hl,hlc0085_v6,soep-is-2022,97,hlc0085_v6
soep-is,hl,hlc0090_h,soep-is-2022,98,hlc0090_v2
soep-is,hl,hlc0090_v2,soep-is-2022,98,hlc0090_v2
soep-is,hl,hlc0093,soep-is-2022,72,hlc0093
soep-is,hl,hlc0098,soep-is-2022,72,hlc0098
soep-is,hl,hlc0104,soep-is-2022,72,hlc0104
soep-is,hl,hlc0105,soep-is-2022,72,hlc0105
soep-is,hl,hlc0106,soep-is-2022,72,hlc0106
soep-is,hl,hlc0107,soep-is-2022,72,hlc0107
soep-is,hl,hlc0108,soep-is-2022,72,hlc0108
soep-is,hl,hlc0111_h,soep-is-2022,64,hlc0111_v2
soep-is,hl,hlc0111_v2,soep-is-2022,64,hlc0111_v2
soep-is,hl,hlc0112_h,soep-is-2022,67,hlc0112_v2
soep-is,hl,hlc0112_v2,soep-is-2022,67,hlc0112_v2
soep-is,hl,hlc0113_h,soep-is-2022,69,hlc0113_v2
soep-is,hl,hlc0113_v2,soep-is-2022,69,hlc0113_v2
soep-is,hl,hlc0114_h,soep-is-2022,70,hlc0114_v3
soep-is,hl,hlc0114_v3,soep-is-2022,70,hlc0114_v3
soep-is,hl,hlc0119_h,soep-is-2022,129,hlc0119_v4
soep-is,hl,hlc0119_v5,soep-is-2022,129,hlc0119_v4
soep-is,hl,hlc0120_h,soep-is-2022,129,hlc0120_v2
soep-is,hl,hlc0120_v2,soep-is-2022,129,hlc0120_v2
soep-is,hl,hlc0176,soep-is-2022,63,hlc0176
soep-is,hl,hlc0177,soep-is-2022,66,hlc0177
soep-is,hl,hlc0184,soep-is-2022,73,hlc0184
soep-is,hl,hlc0191,soep-is-2022,87,hlc0191
soep-is,hl,hlc0192,soep-is-2022,88,hlc0192
soep-is,hl,hlf0001_h,soep-is-2022,22,hlf0001_v3
soep-is,hl,hlf0001_v3,soep-is-2022,22,hlf0001_v3
soep-is,hl,hlf0016_v3,soep-is-2022,18,hlf0016_v3
soep-is,hl,hlf0017,soep-is-2022,19,hlf0017
soep-is,hl,hlf0018,soep-is-2022,20,hlf0018
soep-is,hl,hlf0019_h,soep-is-2022,21,hlf0019_v1
soep-is,hl,hlf0019_v1,soep-is-2022,21,hlf0019_v1
soep-is,hl,hlf0069_h,soep-is-2022,45,hlf0069_v5
soep-is,hl,hlf0069_v5,soep-is-2022,45,hlf0069_v5
soep-is,hl,hlf0074_h,soep-is-2022,41,hlf0074_v2
soep-is,hl,hlf0074_v2,soep-is-2022,41,hlf0074_v2
soep-is,hl,hlf0075_h,soep-is-2022,41,hlf0075_v2
soep-is,hl,hlf0075_v2,soep-is-2022,41,hlf0075_v2
soep-is,hl,hlf0077_v2,soep-is-2022,45,hlf0077_v2
soep-is,hl,hlf0078,soep-is-2022,51,hlf0078
soep-is,hl,hlf0079_v2,soep-is-2022,51,hlf0079_v2
soep-is,hl,hlf0081_h,soep-is-2022,57,hlf0081_v2
soep-is,hl,hlf0081_v2,soep-is-2022,57,hlf0081_v2
soep-is,hl,hlf0082_h,soep-is-2022,57,hlf0082_v2
soep-is,hl,hlf0082_v2,soep-is-2022,57,hlf0082_v2
soep-is,hl,hlf0084,soep-is-2022,31,hlf0084
soep-is,hl,hlf0087_h,soep-is-2022,23,hlf0087_v2
soep-is,hl,hlf0087_v2,soep-is-2022,23,hlf0087_v2
soep-is,hl,hlf0088_h,soep-is-2022,24,hlf0088_v2
soep-is,hl,hlf0088_v2,soep-is-2022,24,hlf0088_v2
soep-is,hl,hlf0090_h,soep-is-2022,26,hlf0090_v2
soep-is,hl,hlf0090_v2,soep-is-2022,26,hlf0090_v2
soep-is,hl,hlf0091_h,soep-is-2022,36,hlf0091_v3
soep-is,hl,hlf0091_v3,soep-is-2022,36,hlf0091_v3
soep-is,hl,hlf0106,soep-is-2022,8,hlf0106
soep-is,hl,hlf0107_h,soep-is-2022,8,hlf0107_v2
soep-is,hl,hlf0107_v2,soep-is-2022,8,hlf0107_v2
soep-is,hl,hlf0291,soep-is-2022,130,hlf0291
soep-is,hl,hlf0369,soep-is-2022,131,hlf0369
soep-is,hl,hlf0370_h,soep-is-2022,132,hlf0370_v3
soep-is,hl,hlf0370_v3,soep-is-2022,132,hlf0370_v3
soep-is,hl,hlf0523,soep-is-2022,7,hlf0523_v2
soep-is,hl,hlf0596,soep-is-2022,19,hlf0596
soep-is,hl,hlf0603,soep-is-2022,26,hlf0603
soep-is,hl,hlf0604,soep-is-2022,31,hlf0604
soep-is,hl,hlf0605,soep-is-2022,36,hlf0605
soep-is,hl,hlf0607,soep-is-2022,44,hlf0607
soep-is,hl,hlf0608,soep-is-2022,50,hlf0608
soep-is,hl,hlf0610,soep-is-2022,56,hlf0610
soep-is,hl,hlk0044_v3,soep-is-2022,133,hlk0044_v3
soep-is,inno,i100_1,soep-is-2022,395_1,affil_01
soep-is,inno,i100_2,soep-is-2022,395_1,affil_02
soep-is,inno,i101_1,soep-is-2022,575_1,anv22_01
soep-is,inno,i101_2,soep-is-2022,575_1,anv22_02
soep-is,inno,i101_3,soep-is-2022,575_1,anv22_03
soep-is,inno,i101_4,soep-is-2022,575_1,anv22_04
soep-is,inno,i101_5,soep-is-2022,575_1,anv22_05
soep-is,inno,i102_1,soep-is-2022,790_APP_A,APP_A
soep-is,inno,i102_2,soep-is-2022,790_APP_F,APP_F
soep-is,inno,i102_3,soep-is-2022,790_APP_G,APP_G
soep-is,inno,i102_4,soep-is-2022,790_APP_H,APP_H
soep-is,inno,i102_5,soep-is-2022,790_APP_B,APP_B
soep-is,inno,i102_6,soep-is-2022,790_APP_C,APP_C
soep-is,inno,i102_7,soep-is-2022,790_APP_D,APP_D
soep-is,inno,i102_8,soep-is-2022,790_APP_E,APP_E
soep-is,inno,i103_1,soep-is-2022,553_1,wgm2
soep-is,inno,i103_2,soep-is-2022,553_1,wgm3
soep-is,inno,i103_3,soep-is-2022,553_1,wgm5
soep-is,inno,i103_4,soep-is-2022,553_1,wgm6
soep-is,inno,i103_5,soep-is-2022,553_1,wgm7
soep-is,inno,i103_6,soep-is-2022,553_1,wgm10
soep-is,inno,i103_7,soep-is-2022,553_1,wgm11
soep-is,inno,i103_8,soep-is-2022,553_1,wgm13
soep-is,inno,i103_9,soep-is-2022,553_1,wgm15
soep-is,inno,i104_1,soep-is-2022,476_1,bue2201
soep-is,inno,i104_10,soep-is-2022,476_5,bue2211
soep-is,inno,i104_11,soep-is-2022,476_5,bue2212
soep-is,inno,i104_12,soep-is-2022,476_5,bue2213
soep-is,inno,i104_13,soep-is-2022,476_6,bue2214
soep-is,inno,i104_2,soep-is-2022,476_2,bue2202
soep-is,inno,i104_3,soep-is-2022,476_3,bue2203
soep-is,inno,i104_4,soep-is-2022,476_4,bue2204
soep-is,inno,i104_5,soep-is-2022,476_5,bue2206
soep-is,inno,i104_6,soep-is-2022,476_5,bue2207
soep-is,inno,i104_7,soep-is-2022,476_5,bue2208
soep-is,inno,i104_8,soep-is-2022,476_5,bue2209
soep-is,inno,i104_9,soep-is-2022,476_5,bue2210
soep-is,inno,i105_1,soep-is-2022,422_1,doh22_bio
soep-is,inno,i105_10,soep-is-2022,519_3,doh22_12
soep-is,inno,i105_11,soep-is-2022,519_3,doh22_13
soep-is,inno,i105_12,soep-is-2022,519_3,doh22_16
soep-is,inno,i105_13,soep-is-2022,519_3,doh22_17
soep-is,inno,i105_14,soep-is-2022,519_4,doh22_20
soep-is,inno,i105_15,soep-is-2022,519_5,doh22_21
soep-is,inno,i105_16,soep-is-2022,519_5,doh22_22
soep-is,inno,i105_17,soep-is-2022,519_5,doh22_23
soep-is,inno,i105_18,soep-is-2022,519_5,doh22_24
soep-is,inno,i105_19,soep-is-2022,519_5,doh22_26
soep-is,inno,i105_2,soep-is-2022,519_01,doh22_ste
soep-is,inno,i105_20,soep-is-2022,519_5,doh22_27
soep-is,inno,i105_21,soep-is-2022,519_6a,doh22_31a
soep-is,inno,i105_22,soep-is-2022,519_6a,doh22_32a
soep-is,inno,i105_23,soep-is-2022,519_6a,doh22_42a
soep-is,inno,i105_24,soep-is-2022,519_6a,doh22_stella1
soep-is,inno,i105_25,soep-is-2022,519_6a,doh22_bila2
soep-is,inno,i105_26,soep-is-2022,519_6a,doh22_colla
soep-is,inno,i105_27,soep-is-2022,519_6a,doh22_verda
soep-is,inno,i105_28,soep-is-2022,519_6a,doh22_einscha
soep-is,inno,i105_29,soep-is-2022,519_6b,doh22_31b
soep-is,inno,i105_3,soep-is-2022,519_1,doh22_01
soep-is,inno,i105_30,soep-is-2022,519_6b,doh22_32b
soep-is,inno,i105_31,soep-is-2022,519_6b,doh22_42b
soep-is,inno,i105_32,soep-is-2022,519_6b,doh22_stellb1
soep-is,inno,i105_33,soep-is-2022,519_6b,doh22_bilb2
soep-is,inno,i105_34,soep-is-2022,519_6b,doh22_collb
soep-is,inno,i105_35,soep-is-2022,519_6b,doh22_verdb
soep-is,inno,i105_36,soep-is-2022,519_6b,doh22_einschb
soep-is,inno,i105_37,soep-is-2022,519_8,doh22_46
soep-is,inno,i105_38,soep-is-2022,519_10,doh22_471
soep-is,inno,i105_39,soep-is-2022,519_11,doh22_481
soep-is,inno,i105_4,soep-is-2022,519_2,doh22_02
soep-is,inno,i105_40,soep-is-2022,519_12,doh22_491
soep-is,inno,i105_41,soep-is-2022,519_19,doh22_483
soep-is,inno,i105_42,soep-is-2022,519_20,doh22_493
soep-is,inno,i105_43,soep-is-2022,519_22,doh22_50
soep-is,inno,i105_44,soep-is-2022,519_23,doh22_51
soep-is,inno,i105_45,soep-is-2022,519_24,doh22_52
soep-is,inno,i105_46,soep-is-2022,519_24,doh22_54
soep-is,inno,i105_47,soep-is-2022,519_24,doh22_55
soep-is,inno,i105_48,soep-is-2022,519_24,doh22_56
soep-is,inno,i105_49,soep-is-2022,519_24,doh22_57
soep-is,inno,i105_5,soep-is-2022,519_2,doh22_03
soep-is,inno,i105_6,soep-is-2022,519_2,doh22_04
soep-is,inno,i105_7,soep-is-2022,519_2,doh22_07
soep-is,inno,i105_8,soep-is-2022,519_2,doh22_08
soep-is,inno,i105_9,soep-is-2022,519_3,doh22_11
soep-is,inno,i106_1,soep-is-2022,498_1,feh22_01
soep-is,inno,i106_2,soep-is-2022,498_2,feh22_02
soep-is,inno,i106_3,soep-is-2022,498_3,feh22_03
soep-is,inno,i107_1,soep-is-2022,521_2,haa22_01
soep-is,inno,i107_10,soep-is-2022,521_10,haa22_10
soep-is,inno,i107_11,soep-is-2022,521_11,haa22_11
soep-is,inno,i107_12,soep-is-2022,521_12,haa22_12
soep-is,inno,i107_13,soep-is-2022,521_13,haa22_13
soep-is,inno,i107_14,soep-is-2022,521_14,haa22_14
soep-is,inno,i107_15,soep-is-2022,521_15,haa22_15
soep-is,inno,i107_16,soep-is-2022,521_16,phlc0119_v4
soep-is,inno,i107_17,soep-is-2022,521_16,phlc0120_v2
soep-is,inno,i107_18,soep-is-2022,521_17,haa22_16
soep-is,inno,i107_19,soep-is-2022,521_18,haa22_17
soep-is,inno,i107_2,soep-is-2022,521_3,haa22_02
soep-is,inno,i107_20,soep-is-2022,521_19,haa22_18
soep-is,inno,i107_21,soep-is-2022,521_20,haa22_19
soep-is,inno,i107_22,soep-is-2022,521_21,haa22_20
soep-is,inno,i107_23,soep-is-2022,521_22,haa22_21
soep-is,inno,i107_24,soep-is-2022,521_24,haa22_22
soep-is,inno,i107_25,soep-is-2022,521_25,haa22_23
soep-is,inno,i107_26,soep-is-2022,521_26,haa22_24
soep-is,inno,i107_27,soep-is-2022,521_27,haa22_25
soep-is,inno,i107_28,soep-is-2022,521_28,haa22_26
soep-is,inno,i107_29,soep-is-2022,521_29,haa22_27
soep-is,inno,i107_3,soep-is-2022,521_4,haa22_03
soep-is,inno,i107_30,soep-is-2022,521_30,haa22_28
soep-is,inno,i107_31,soep-is-2022,521_31,haa22_29
soep-is,inno,i107_32,soep-is-2022,521_32,haa22_30
soep-is,inno,i107_33,soep-is-2022,521_33,haa22_31
soep-is,inno,i107_34,soep-is-2022,521_34,haa22_32
soep-is,inno,i107_35,soep-is-2022,521_35,haa22_33
soep-is,inno,i107_36,soep-is-2022,521_36,haa22_34
soep-is,inno,i107_37,soep-is-2022,521_38,haa22_35
soep-is,inno,i107_38,soep-is-2022,521_38,haa22_36
soep-is,inno,i107_39,soep-is-2022,521_38,haa22_37
soep-is,inno,i107_4,soep-is-2022,521_5,haa22_04
soep-is,inno,i107_40,soep-is-2022,521_41,haa22_38
soep-is,inno,i107_41,soep-is-2022,521_42,haa22_39
soep-is,inno,i107_42,soep-is-2022,521_43,haa22_40
soep-is,inno,i107_43,soep-is-2022,521_44,haa22_41
soep-is,inno,i107_5,soep-is-2022,521_6,haa22_05
soep-is,inno,i107_6,soep-is-2022,521_7,haa22_06
soep-is,inno,i107_7,soep-is-2022,521_8,haa22_07
soep-is,inno,i107_8,soep-is-2022,521_8,haa22_08
soep-is,inno,i107_9,soep-is-2022,521_8,haa22_09
soep-is,inno,i108_10,soep-is-2022,520_6,vig1_quest3
soep-is,inno,i108_11,soep-is-2022,520_8,vig2_quest1_1
soep-is,inno,i108_12,soep-is-2022,520_8,vig2_quest1_2
soep-is,inno,i108_13,soep-is-2022,520_8,vig2_quest1_3
soep-is,inno,i108_14,soep-is-2022,520_9,vig2_quest2
soep-is,inno,i108_15,soep-is-2022,520_10,vig2_quest3
soep-is,inno,i108_16,soep-is-2022,520_12,vig3_quest1_1
soep-is,inno,i108_17,soep-is-2022,520_12,vig3_quest1_2
soep-is,inno,i108_18,soep-is-2022,520_12,vig3_quest1_3
soep-is,inno,i108_19,soep-is-2022,520_13,vig3_quest2
soep-is,inno,i108_20,soep-is-2022,520_14,vig3_quest3
soep-is,inno,i108_21,soep-is-2022,520_16,vig4_quest1_1
soep-is,inno,i108_22,soep-is-2022,520_16,vig4_quest1_2
soep-is,inno,i108_23,soep-is-2022,520_16,vig4_quest1_3
soep-is,inno,i108_24,soep-is-2022,520_17,vig4_quest2
soep-is,inno,i108_25,soep-is-2022,520_18,vig4_quest3
soep-is,inno,i108_26,soep-is-2022,520_19,hip22_01
soep-is,inno,i108_27,soep-is-2022,520_19,hip22_02
soep-is,inno,i108_28,soep-is-2022,520_19,hip22_03
soep-is,inno,i108_29,soep-is-2022,520_19,hip22_04
soep-is,inno,i108_3,soep-is-2022,421_5,lbra
soep-is,inno,i108_30,soep-is-2022,520_19,hip22_05
soep-is,inno,i108_31,soep-is-2022,520_19,hip22_06
soep-is,inno,i108_32,soep-is-2022,520_20,hip22_07
soep-is,inno,i108_33,soep-is-2022,520_20,hip22_08
soep-is,inno,i108_34,soep-is-2022,520_20,hip22_09
soep-is,inno,i108_35,soep-is-2022,520_20,hip22_10
soep-is,inno,i108_36,soep-is-2022,520_20,hip22_11
soep-is,inno,i108_4,soep-is-2022,520_1,vig_id
soep-is,inno,i108_5,soep-is-2022,520_1,questgroup
soep-is,inno,i108_6,soep-is-2022,520_4,vig1_quest1_1
soep-is,inno,i108_7,soep-is-2022,520_4,vig1_quest1_2
soep-is,inno,i108_8,soep-is-2022,520_4,vig1_quest1_3
soep-is,inno,i108_9,soep-is-2022,520_5,vig1_quest2
soep-is,inno,i109_1,soep-is-2022,574_1,kai22_01
soep-is,inno,i109_2,soep-is-2022,574_1,kai22_02
soep-is,inno,i109_3,soep-is-2022,574_1,kai22_03
soep-is,inno,i109_4,soep-is-2022,574_1,kai22_04
soep-is,inno,i109_5,soep-is-2022,574_1,kai22_05
soep-is,inno,i109_6,soep-is-2022,574_2,kai22_06
soep-is,inno,i109_7,soep-is-2022,574_3,kai22_07
soep-is,inno,i109_8,soep-is-2022,574_4,kai22_08
soep-is,inno,i109_9,soep-is-2022,574_5,kai22_09
soep-is,inno,i110_1,soep-is-2022,576_1,kre_group
soep-is,inno,i110_10,soep-is-2022,576_7,kre22_06_5
soep-is,inno,i110_11,soep-is-2022,576_7,kre22_06_6
soep-is,inno,i110_12,soep-is-2022,576_7,kre22_06_7
soep-is,inno,i110_13,soep-is-2022,576_7,kre22_06_8
soep-is,inno,i110_14,soep-is-2022,576_7,kre22_06_9
soep-is,inno,i110_15,soep-is-2022,576_7,kre22_06_10
soep-is,inno,i110_16,soep-is-2022,576_7,kre22_06_11
soep-is,inno,i110_17,soep-is-2022,576_7,kre22_06_12
soep-is,inno,i110_18,soep-is-2022,576_7,kre22_06_13
soep-is,inno,i110_19,soep-is-2022,576_7,kre22_06_14
soep-is,inno,i110_2,soep-is-2022,576_3,kre22_02
soep-is,inno,i110_20,soep-is-2022,576_7,kre22_06_15
soep-is,inno,i110_3,soep-is-2022,576_4,kre22_03
soep-is,inno,i110_4,soep-is-2022,576_5,kre22_04
soep-is,inno,i110_5,soep-is-2022,576_6,kre22_05
soep-is,inno,i110_6,soep-is-2022,576_7,kre22_06_1
soep-is,inno,i110_7,soep-is-2022,576_7,kre22_06_2
soep-is,inno,i110_8,soep-is-2022,576_7,kre22_06_3
soep-is,inno,i110_9,soep-is-2022,576_7,kre22_06_4
soep-is,inno,i111_1,soep-is-2022,499_1,lej22_01
soep-is,inno,i111_2,soep-is-2022,499_1,lej22_02
soep-is,inno,i111_3,soep-is-2022,499_1,lej22_03
soep-is,inno,i111_4,soep-is-2022,499_1,lej22_04
soep-is,inno,i111_5,soep-is-2022,499_1,lej22_05
soep-is,inno,i111_6,soep-is-2022,499_1,lej22_06
soep-is,inno,i112_10,soep-is-2022,555_3,ikom1_5_eur
soep-is,inno,i112_12,soep-is-2022,555_3,ikom1_6_eur
soep-is,inno,i112_14,soep-is-2022,555_3,ikom1_7_eur
soep-is,inno,i112_16,soep-is-2022,555_3,ikom1_8_eur
soep-is,inno,i112_18,soep-is-2022,555_3,ikom1_9_eur
soep-is,inno,i112_2,soep-is-2022,555_3,ikom1_1_eur
soep-is,inno,i112_20,soep-is-2022,555_3,ikom1_10_eur
soep-is,inno,i112_22,soep-is-2022,555_3,ikom1_11_eur
soep-is,inno,i112_24,soep-is-2022,555_3,ikom1_12_eur
soep-is,inno,i112_26,soep-is-2022,555_3,ikom1_13_eur
soep-is,inno,i112_28,soep-is-2022,555_3,ikom1_14_eur
soep-is,inno,i112_30,soep-is-2022,555_3,ikom1_15_eur
soep-is,inno,i112_32,soep-is-2022,555_3,ikom1_16_eur
soep-is,inno,i112_4,soep-is-2022,555_3,ikom1_2_eur
soep-is,inno,i112_6,soep-is-2022,555_3,ikom1_3_eur
soep-is,inno,i112_8,soep-is-2022,555_3,ikom1_4_eur
soep-is,inno,i113_1,soep-is-2022,392_2,luh22_02
soep-is,inno,i113_10,soep-is-2022,392_3,luh22_11
soep-is,inno,i113_2,soep-is-2022,392_3,luh22_03
soep-is,inno,i113_3,soep-is-2022,392_3,luh22_04
soep-is,inno,i113_4,soep-is-2022,392_3,luh22_05
soep-is,inno,i113_5,soep-is-2022,392_3,luh22_06
soep-is,inno,i113_6,soep-is-2022,392_3,luh22_07
soep-is,inno,i113_7,soep-is-2022,392_3,luh22_08
soep-is,inno,i113_8,soep-is-2022,392_3,luh22_09
soep-is,inno,i113_9,soep-is-2022,392_3,luh22_10
soep-is,inno,i114_1,soep-is-2022,394_1,ney22_01
soep-is,inno,i114_10,soep-is-2022,789_4,ney22_10
soep-is,inno,i114_11,soep-is-2022,789_4,ney22_11
soep-is,inno,i114_12,soep-is-2022,789_4,ney22_12
soep-is,inno,i114_13,soep-is-2022,789_4,ney22_13
soep-is,inno,i114_14,soep-is-2022,789_4,ney22_14
soep-is,inno,i114_15,soep-is-2022,789_4,ney22_15
soep-is,inno,i114_16,soep-is-2022,789_4,ney22_16
soep-is,inno,i114_17,soep-is-2022,789_4,ney22_17
soep-is,inno,i114_18,soep-is-2022,789_4,ney22_18
soep-is,inno,i114_19,soep-is-2022,789_4,ney22_19
soep-is,inno,i114_2,soep-is-2022,500_1,ney22_02
soep-is,inno,i114_20,soep-is-2022,789_4,ney22_20
soep-is,inno,i114_21,soep-is-2022,789_4,ney22_21
soep-is,inno,i114_22,soep-is-2022,789_4,ney22_22
soep-is,inno,i114_23,soep-is-2022,789_4,ney22_23
soep-is,inno,i114_24,soep-is-2022,789_4,ney22_24
soep-is,inno,i114_25,soep-is-2022,789_4,ney22_25
soep-is,inno,i114_26,soep-is-2022,789_4,ney22_26
soep-is,inno,i114_27,soep-is-2022,789_4,ney22_27
soep-is,inno,i114_28,soep-is-2022,789_4,ney22_28
soep-is,inno,i114_29,soep-is-2022,789_4,ney22_29
soep-is,inno,i114_3,soep-is-2022,500_1,ney22_03
soep-is,inno,i114_30,soep-is-2022,789_4,ney22_30
soep-is,inno,i114_31,soep-is-2022,789_4,ney22_31
soep-is,inno,i114_32,soep-is-2022,789_4,ney22_32
soep-is,inno,i114_33,soep-is-2022,789_4,ney22_33
soep-is,inno,i114_34,soep-is-2022,789_4,ney22_34
soep-is,inno,i114_35,soep-is-2022,789_4,ney22_35
soep-is,inno,i114_36,soep-is-2022,789_4,ney22_36
soep-is,inno,i114_37,soep-is-2022,789_4,ney22_37
soep-is,inno,i114_38,soep-is-2022,789_4,ney22_38
soep-is,inno,i114_39,soep-is-2022,789_5,ney22_39
soep-is,inno,i114_4,soep-is-2022,500_1,ney22_04
soep-is,inno,i114_40,soep-is-2022,789_6,ney22_40
soep-is,inno,i114_41,soep-is-2022,789_6,ney22_41
soep-is,inno,i114_42,soep-is-2022,789_7,ney22_42
soep-is,inno,i114_43,soep-is-2022,789_7,ney22_43
soep-is,inno,i114_44,soep-is-2022,789_8,ney22_44
soep-is,inno,i114_45,soep-is-2022,789_8,ney22_45
soep-is,inno,i114_46,soep-is-2022,789_9,ney22_46
soep-is,inno,i114_47,soep-is-2022,789_9,ney22_47
soep-is,inno,i114_48,soep-is-2022,789_14,ney22_48
soep-is,inno,i114_49,soep-is-2022,789_17,ney22_49
soep-is,inno,i114_5,soep-is-2022,500_1,ney22_05
soep-is,inno,i114_50,soep-is-2022,789_17,ney22_50
soep-is,inno,i114_51,soep-is-2022,789_19,ney22_51
soep-is,inno,i114_6,soep-is-2022,500_1,ney22_06
soep-is,inno,i114_7,soep-is-2022,500_1,ney22_07
soep-is,inno,i114_8,soep-is-2022,789_1,ney22_08
soep-is,inno,i114_9,soep-is-2022,789_4,ney22_09
soep-is,inno,i115_1,soep-is-2022,396_1,nic22_01
soep-is,inno,i115_2,soep-is-2022,396_1,nic22_02
soep-is,inno,i115_3,soep-is-2022,396_1,nic22_03
soep-is,inno,i115_4,soep-is-2022,396_1,nic22_04
soep-is,inno,i115_5,soep-is-2022,396_1,nic22_05
soep-is,inno,i115_6,soep-is-2022,396_1,nic22_06
soep-is,inno,i115_7,soep-is-2022,396_1,nic22_07
soep-is,inno,i116_1,soep-is-2022,522_2,osu22_01
soep-is,inno,i116_10,soep-is-2022,522_13,osu22_062
soep-is,inno,i116_11,soep-is-2022,522_14,osu22_033
soep-is,inno,i116_12,soep-is-2022,522_15,osu22_043
soep-is,inno,i116_13,soep-is-2022,522_17,osu22_053
soep-is,inno,i116_14,soep-is-2022,522_18,osu22_063
soep-is,inno,i116_15,soep-is-2022,522_19,osu22_034
soep-is,inno,i116_16,soep-is-2022,522_20,osu22_044
soep-is,inno,i116_17,soep-is-2022,522_22,osu22_054
soep-is,inno,i116_18,soep-is-2022,522_23,osu22_064
soep-is,inno,i116_19,soep-is-2022,522_24,osu22_035
soep-is,inno,i116_2,soep-is-2022,522_2,osu22_02
soep-is,inno,i116_20,soep-is-2022,522_25,osu22_045
soep-is,inno,i116_21,soep-is-2022,522_27,osu22_055
soep-is,inno,i116_22,soep-is-2022,522_28,osu22_065
soep-is,inno,i116_23,soep-is-2022,522_29,osu22_07
soep-is,inno,i116_24,soep-is-2022,522_31,osu22_09
soep-is,inno,i116_25,soep-is-2022,522_32,osu22_10
soep-is,inno,i116_26,soep-is-2022,522_33,osu22_11
soep-is,inno,i116_27,soep-is-2022,522_33,osu22_12
soep-is,inno,i116_28,soep-is-2022,522_34,osu22_13
soep-is,inno,i116_29,soep-is-2022,522_35,osu22_14
soep-is,inno,i116_3,soep-is-2022,522_4,osu22_031
soep-is,inno,i116_30,soep-is-2022,522_36,osu22_15
soep-is,inno,i116_31,soep-is-2022,522_36,osu22_16
soep-is,inno,i116_32,soep-is-2022,522_36,osu22_17
soep-is,inno,i116_33,soep-is-2022,522_36,osu22_18
soep-is,inno,i116_34,soep-is-2022,522_37,osu22_19
soep-is,inno,i116_35,soep-is-2022,522_38,osu22_20
soep-is,inno,i116_4,soep-is-2022,522_5,osu22_041
soep-is,inno,i116_5,soep-is-2022,522_7,osu22_051
soep-is,inno,i116_6,soep-is-2022,522_8,osu22_061
soep-is,inno,i116_7,soep-is-2022,522_9,osu22_032
soep-is,inno,i116_8,soep-is-2022,522_10,osu22_042
soep-is,inno,i116_9,soep-is-2022,522_12,osu22_052
soep-is,inno,i117_9,soep-is-2022,552_4,a04
soep-is,inno,i119_1,soep-is-2022,393_1,rud22_01
soep-is,inno,i119_2,soep-is-2022,393_1,rud22_02
soep-is,inno,i119_3,soep-is-2022,393_1,rud22_03
soep-is,inno,i119_4,soep-is-2022,393_1,rud22_04
soep-is,inno,i120_1,soep-is-2022,786_1,ver22_lb0285
soep-is,inno,i120_10,soep-is-2022,786_9,ver22_09
soep-is,inno,i120_11,soep-is-2022,786_9,ver22_10
soep-is,inno,i120_12,soep-is-2022,786_9,ver22_11
soep-is,inno,i120_13,soep-is-2022,786_9,ver22_12
soep-is,inno,i120_14,soep-is-2022,786_10,ver22_13
soep-is,inno,i120_15,soep-is-2022,786_11,ver22_14
soep-is,inno,i120_16,soep-is-2022,786_11,ver22_15
soep-is,inno,i120_17,soep-is-2022,786_11,ver22_16
soep-is,inno,i120_18,soep-is-2022,786_11,ver22_17
soep-is,inno,i120_19,soep-is-2022,786_12,ver22_18
soep-is,inno,i120_2,soep-is-2022,786_4,ver22_02
soep-is,inno,i120_20,soep-is-2022,786_13,ver22_19_m
soep-is,inno,i120_21,soep-is-2022,786_13,ver22_19_j
soep-is,inno,i120_22,soep-is-2022,786_14,ver22_20
soep-is,inno,i120_23,soep-is-2022,786_14,ver22_21
soep-is,inno,i120_24,soep-is-2022,786_14,ver22_22
soep-is,inno,i120_25,soep-is-2022,786_14,ver22_23
soep-is,inno,i120_26,soep-is-2022,786_14,ver22_24
soep-is,inno,i120_27,soep-is-2022,786_15,ver22_26
soep-is,inno,i120_28,soep-is-2022,786_15,ver22_27
soep-is,inno,i120_29,soep-is-2022,786_15,ver22_28
soep-is,inno,i120_3,soep-is-2022,786_6,ver22_04
soep-is,inno,i120_30,soep-is-2022,786_15,ver22_29
soep-is,inno,i120_31,soep-is-2022,786_16,ver22_30
soep-is,inno,i120_32,soep-is-2022,786_17,ver22_31_m
soep-is,inno,i120_33,soep-is-2022,786_17,ver22_31_j
soep-is,inno,i120_34,soep-is-2022,786_17,ver22_31_no
soep-is,inno,i120_35,soep-is-2022,786_17,ver22_32_m
soep-is,inno,i120_36,soep-is-2022,786_17,ver22_32_j
soep-is,inno,i120_37,soep-is-2022,786_17,ver22_32_no
soep-is,inno,i120_38,soep-is-2022,786_17,ver22_33
soep-is,inno,i120_39,soep-is-2022,786_17,ver22_34
soep-is,inno,i120_4,soep-is-2022,786_7,ver22_05
soep-is,inno,i120_41,soep-is-2022,786_18,ver22_35
soep-is,inno,i120_42,soep-is-2022,786_20,ver22_36
soep-is,inno,i120_43,soep-is-2022,786_21,ver22_37
soep-is,inno,i120_44,soep-is-2022,786_21,ver22_37_no
soep-is,inno,i120_45,soep-is-2022,786_21,ver22_38
soep-is,inno,i120_46,soep-is-2022,786_21,ver22_38_no
soep-is,inno,i120_47,soep-is-2022,786_22,ver22_39
soep-is,inno,i120_48,soep-is-2022,786_22,ver22_40
soep-is,inno,i120_49,soep-is-2022,786_23,ver22_41
soep-is,inno,i120_5,soep-is-2022,786_7,ver22_05_no
soep-is,inno,i120_50,soep-is-2022,786_24,ver22_42
soep-is,inno,i120_51,soep-is-2022,786_24,ver22_43
soep-is,inno,i120_52,soep-is-2022,786_24,ver22_44
soep-is,inno,i120_53,soep-is-2022,786_24,ver22_45
soep-is,inno,i120_54,soep-is-2022,786_25,ver22_46
soep-is,inno,i120_55,soep-is-2022,786_26,ver22_47
soep-is,inno,i120_56,soep-is-2022,786_27,ver22_48
soep-is,inno,i120_57,soep-is-2022,786_27,ver22_49
soep-is,inno,i120_58,soep-is-2022,786_28,ver22_50
soep-is,inno,i120_59,soep-is-2022,786_28,ver22_50_no
soep-is,inno,i120_6,soep-is-2022,786_7,ver22_06
soep-is,inno,i120_60,soep-is-2022,786_28,ver22_51
soep-is,inno,i120_61,soep-is-2022,786_28,ver22_51_no
soep-is,inno,i120_62,soep-is-2022,786_29,ver22_52
soep-is,inno,i120_63,soep-is-2022,786_29,ver22_53
soep-is,inno,i120_64,soep-is-2022,786_30,ver22_54
soep-is,inno,i120_65,soep-is-2022,786_30,ver22_55
soep-is,inno,i120_66,soep-is-2022,786_30,ver22_56
soep-is,inno,i120_67,soep-is-2022,786_31,ver22_58
soep-is,inno,i120_68,soep-is-2022,786_32,ver22_59
soep-is,inno,i120_69,soep-is-2022,786_32,ver22_60
soep-is,inno,i120_7,soep-is-2022,786_7,ver22_06_no
soep-is,inno,i120_70,soep-is-2022,786_32,ver22_61
soep-is,inno,i120_71,soep-is-2022,786_32,ver22_62
soep-is,inno,i120_72,soep-is-2022,786_33,ver22_63
soep-is,inno,i120_73,soep-is-2022,786_34,ver22_64
soep-is,inno,i120_74,soep-is-2022,786_34,ver22_65
soep-is,inno,i120_75,soep-is-2022,786_34,ver22_66
soep-is,inno,i120_76,soep-is-2022,786_34,ver22_67
soep-is,inno,i120_77,soep-is-2022,786_35,ver22_68
soep-is,inno,i120_78,soep-is-2022,786_36,ver22_69_m
soep-is,inno,i120_79,soep-is-2022,786_36,ver22_69_j
soep-is,inno,i120_8,soep-is-2022,786_8,ver22_07
soep-is,inno,i120_80,soep-is-2022,786_37,ver22_70
soep-is,inno,i120_81,soep-is-2022,786_37,ver22_71
soep-is,inno,i120_82,soep-is-2022,786_37,ver22_72
soep-is,inno,i120_83,soep-is-2022,786_37,ver22_73
soep-is,inno,i120_84,soep-is-2022,786_37,ver22_74
soep-is,inno,i120_85,soep-is-2022,786_39,ver22_76_m
soep-is,inno,i120_86,soep-is-2022,786_39,ver22_76_j
soep-is,inno,i120_87,soep-is-2022,786_39,ver22_76_no
soep-is,inno,i120_88,soep-is-2022,786_40,ver22_77
soep-is,inno,i120_89,soep-is-2022,786_401,ver22_88
soep-is,inno,i120_9,soep-is-2022,786_8,ver22_08
soep-is,inno,i120_90,soep-is-2022,786_41,ver22_78
soep-is,inno,i120_91,soep-is-2022,786_41,ver22_79
soep-is,inno,i120_92,soep-is-2022,786_41,ver22_80
soep-is,inno,i120_93,soep-is-2022,786_41,ver22_81
soep-is,inno,i120_94,soep-is-2022,786_41,ver22_82
soep-is,inno,i120_95,soep-is-2022,786_41,ver22_83
soep-is,inno,i120_96,soep-is-2022,786_42,ver22_84
soep-is,inno,i120_97,soep-is-2022,786_42,ver22_85
soep-is,inno,i120_98,soep-is-2022,786_42,ver22_86
soep-is,inno,i120_99,soep-is-2022,786_42,ver22_87
soep-is,inno,ieaa011,soep-is-2022,552_1,ieaa011
soep-is,inno,ieaa012,soep-is-2022,552_1,ieaa012
soep-is,inno,ieaa013,soep-is-2022,552_1,ieaa013
soep-is,inno,ieaa021,soep-is-2022,552_2,ieaa021
soep-is,inno,ieaa022,soep-is-2022,552_2,ieaa022
soep-is,inno,ieaa023,soep-is-2022,552_2,ieaa023
soep-is,inno,ieaa031,soep-is-2022,552_3,ieaa031
soep-is,inno,ieaa032,soep-is-2022,552_3,ieaa032
soep-is,inno,ikom00a1,soep-is-2022,555_2,ikom00a1
soep-is,inno,ikom02,soep-is-2022,555_4,ikom02
soep-is,inno,ikom03,soep-is-2022,555_5,ikom03
soep-is,inno,ikom03_a_1,soep-is-2022,555_6,ikom03_a_1
soep-is,inno,ikom03_a_2,soep-is-2022,555_6,ikom03_a_2
soep-is,inno,ikom03_a_3,soep-is-2022,555_6,ikom03_a_3
soep-is,inno,ikom03_a_4,soep-is-2022,555_6,ikom03_a_4
soep-is,inno,ikom03_a_ka,soep-is-2022,555_6,ikom03_a_ka
soep-is,inno,ikom04,soep-is-2022,555_7,ikom04
soep-is,inno,ikom04_a_1,soep-is-2022,555_8,ikom04_a_1
soep-is,inno,ikom04_a_2,soep-is-2022,555_8,ikom04_a_2
soep-is,inno,ikom04_a_3,soep-is-2022,555_8,ikom04_a_3
soep-is,inno,ikom04_a_4,soep-is-2022,555_8,ikom04_a_4
soep-is,inno,ikom04_a_ka,soep-is-2022,555_8,ikom04_a_ka
soep-is,inno,ikom06a,soep-is-2022,555_10,ikom06a
soep-is,inno,ikom06a1_1,soep-is-2022,555_11,ikom06a1_1
soep-is,inno,ikom06a1_2,soep-is-2022,555_11,ikom06a1_2
soep-is,inno,ikom06a1_3,soep-is-2022,555_11,ikom06a1_3
soep-is,inno,ikom06a1_4,soep-is-2022,555_11,ikom06a1_4
soep-is,inno,ikom06a1_5,soep-is-2022,555_11,ikom06a1_5
soep-is,inno,ikom06a1_ka,soep-is-2022,555_11,ikom06a1_ka
soep-is,inno,ikom06a2,soep-is-2022,555_12,ikom06a2
soep-is,inno,ikom06b1_1,soep-is-2022,555_13,ikom06b1_1
soep-is,inno,ikom06b1_10,soep-is-2022,555_13,ikom06b1_10
soep-is,inno,ikom06b1_11,soep-is-2022,555_13,ikom06b1_11
soep-is,inno,ikom06b1_12,soep-is-2022,555_13,ikom06b1_12
soep-is,inno,ikom06b1_13,soep-is-2022,555_13,ikom06b1_13
soep-is,inno,ikom06b1_14,soep-is-2022,555_13,ikom06b1_14
soep-is,inno,ikom06b1_2,soep-is-2022,555_13,ikom06b1_2
soep-is,inno,ikom06b1_3,soep-is-2022,555_13,ikom06b1_3
soep-is,inno,ikom06b1_4,soep-is-2022,555_13,ikom06b1_4
soep-is,inno,ikom06b1_5,soep-is-2022,555_13,ikom06b1_5
soep-is,inno,ikom06b1_6,soep-is-2022,555_13,ikom06b1_6
soep-is,inno,ikom06b1_7,soep-is-2022,555_13,ikom06b1_7
soep-is,inno,ikom06b1_8,soep-is-2022,555_13,ikom06b1_8
soep-is,inno,ikom06b1_9,soep-is-2022,555_13,ikom06b1_9
soep-is,inno,ikom06b1_ka,soep-is-2022,555_13,ikom06b1_ka
soep-is,inno,ikom06b2_1,soep-is-2022,555_14,ikom06b2_1
soep-is,inno,ikom06b2_10,soep-is-2022,555_14,ikom06b2_10
soep-is,inno,ikom06b2_11,soep-is-2022,555_14,ikom06b2_11
soep-is,inno,ikom06b2_12,soep-is-2022,555_14,ikom06b2_12
soep-is,inno,ikom06b2_13,soep-is-2022,555_14,ikom06b2_13
soep-is,inno,ikom06b2_14,soep-is-2022,555_14,ikom06b2_14
soep-is,inno,ikom06b2_2,soep-is-2022,555_14,ikom06b2_2
soep-is,inno,ikom06b2_3,soep-is-2022,555_14,ikom06b2_3
soep-is,inno,ikom06b2_4,soep-is-2022,555_14,ikom06b2_4
soep-is,inno,ikom06b2_5,soep-is-2022,555_14,ikom06b2_5
soep-is,inno,ikom06b2_6,soep-is-2022,555_14,ikom06b2_6
soep-is,inno,ikom06b2_7,soep-is-2022,555_14,ikom06b2_7
soep-is,inno,ikom06b2_8,soep-is-2022,555_14,ikom06b2_8
soep-is,inno,ikom06b2_9,soep-is-2022,555_14,ikom06b2_9
soep-is,inno,ikom06b2_ka,soep-is-2022,555_14,ikom06b2_ka
soep-is,inno,ikom07a_1,soep-is-2022,555_16,ikom07a_1
soep-is,inno,ikom07a_2,soep-is-2022,555_16,ikom07a_2
soep-is,inno,ikom07a_3,soep-is-2022,555_16,ikom07a_3
soep-is,inno,ikom07a_4,soep-is-2022,555_16,ikom07a_4
soep-is,inno,ikom07b_1,soep-is-2022,555_17,ikom07b_1
soep-is,inno,ikom07b_2,soep-is-2022,555_17,ikom07b_2
soep-is,inno,ikom07b_3,soep-is-2022,555_17,ikom07b_3
soep-is,inno,ikom07b_4,soep-is-2022,555_17,ikom07b_4
soep-is,inno,ikom07b_5,soep-is-2022,555_17,ikom07b_5
soep-is,inno,ikom07b_6,soep-is-2022,555_17,ikom07b_6
soep-is,inno,ikom07b_7,soep-is-2022,555_17,ikom07b_7
soep-is,inno,ikom07b_8,soep-is-2022,555_17,ikom07b_8
soep-is,inno,ikom07b_ka,soep-is-2022,555_17,ikom07b_ka
soep-is,inno,ikom1_1,soep-is-2022,555_3,ikom1_1
soep-is,inno,ikom1_10,soep-is-2022,555_3,ikom1_10
soep-is,inno,ikom1_11,soep-is-2022,555_3,ikom1_11
soep-is,inno,ikom1_12,soep-is-2022,555_3,ikom1_12
soep-is,inno,ikom1_13,soep-is-2022,555_3,ikom1_13
soep-is,inno,ikom1_14,soep-is-2022,555_3,ikom1_14
soep-is,inno,ikom1_15,soep-is-2022,555_3,ikom1_15
soep-is,inno,ikom1_16,soep-is-2022,555_3,ikom1_16
soep-is,inno,ikom1_2,soep-is-2022,555_3,ikom1_2
soep-is,inno,ikom1_3,soep-is-2022,555_3,ikom1_3
soep-is,inno,ikom1_4,soep-is-2022,555_3,ikom1_4
soep-is,inno,ikom1_5,soep-is-2022,555_3,ikom1_5
soep-is,inno,ikom1_6,soep-is-2022,555_3,ikom1_6
soep-is,inno,ikom1_7,soep-is-2022,555_3,ikom1_7
soep-is,inno,ikom1_8,soep-is-2022,555_3,ikom1_8
soep-is,inno,ikom1_9,soep-is-2022,555_3,ikom1_9
soep-is,inno,umv11,soep-is-2022,554_1,umv11
soep-is,inno,umv12,soep-is-2022,554_1,umv12
soep-is,inno,umv1_dummy,soep-is-2022,554_1a,umv1_dummy
soep-is,inno,umv2,soep-is-2022,554_2,umv2
soep-is,inno,umv3,soep-is-2022,554_3,umv3
soep-is,kidlong,k_birthy_h,soep-is-2022,762,prev_jg
soep-is,kidlong,k_birthy_v2,soep-is-2022,762,prev_jg
soep-is,kidlong,k_nrkid,soep-is-2022,759,prev_anzki
soep-is,kidlong,kc_care_h,soep-is-2022,159,kc_wbezb_1
soep-is,kidlong,kc_care_h,soep-is-2022,159,kc_wfreund_1
soep-is,kidlong,kc_care_h,soep-is-2022,159,kc_wnone_1
soep-is,kidlong,kc_care_h,soep-is-2022,159,kc_wverw_1
soep-is,kidlong,kc_care_h,soep-is-2022,184,kc_wbezb_2
soep-is,kidlong,kc_care_h,soep-is-2022,184,kc_wfreund_2
soep-is,kidlong,kc_care_h,soep-is-2022,184,kc_wnone_2
soep-is,kidlong,kc_care_h,soep-is-2022,184,kc_wverw_2
soep-is,kidlong,kc_care_h,soep-is-2022,209,kc_wbezb_3
soep-is,kidlong,kc_care_h,soep-is-2022,209,kc_wfreund_3
soep-is,kidlong,kc_care_h,soep-is-2022,209,kc_wnone_3
soep-is,kidlong,kc_care_h,soep-is-2022,209,kc_wverw_3
soep-is,kidlong,kc_care_h,soep-is-2022,234,kc_wbezb_4
soep-is,kidlong,kc_care_h,soep-is-2022,234,kc_wfreund_4
soep-is,kidlong,kc_care_h,soep-is-2022,234,kc_wnone_4
soep-is,kidlong,kc_care_h,soep-is-2022,234,kc_wverw_4
soep-is,kidlong,kc_care_h,soep-is-2022,259,kc_wbezb_5
soep-is,kidlong,kc_care_h,soep-is-2022,259,kc_wfreund_5
soep-is,kidlong,kc_care_h,soep-is-2022,259,kc_wnone_5
soep-is,kidlong,kc_care_h,soep-is-2022,259,kc_wverw_5
soep-is,kidlong,kc_care_h,soep-is-2022,284,kc_wbezb_6
soep-is,kidlong,kc_care_h,soep-is-2022,284,kc_wfreund_6
soep-is,kidlong,kc_care_h,soep-is-2022,284,kc_wnone_6
soep-is,kidlong,kc_care_h,soep-is-2022,284,kc_wverw_6
soep-is,kidlong,kc_care_h,soep-is-2022,309,kc_wbezb_7
soep-is,kidlong,kc_care_h,soep-is-2022,309,kc_wfreund_7
soep-is,kidlong,kc_care_h,soep-is-2022,309,kc_wnone_7
soep-is,kidlong,kc_care_h,soep-is-2022,309,kc_wverw_7
soep-is,kidlong,kc_care_h,soep-is-2022,334,kc_wbezb_8
soep-is,kidlong,kc_care_h,soep-is-2022,334,kc_wfreund_8
soep-is,kidlong,kc_care_h,soep-is-2022,334,kc_wnone_8
soep-is,kidlong,kc_care_h,soep-is-2022,334,kc_wverw_8
soep-is,kidlong,kc_care_h,soep-is-2022,359,kc_wbezb_9
soep-is,kidlong,kc_care_h,soep-is-2022,359,kc_wfreund_9
soep-is,kidlong,kc_care_h,soep-is-2022,359,kc_wnone_9
soep-is,kidlong,kc_care_h,soep-is-2022,359,kc_wverw_9
soep-is,kidlong,kc_care_h,soep-is-2022,384,kc_wbezb_10
soep-is,kidlong,kc_care_h,soep-is-2022,384,kc_wfreund_10
soep-is,kidlong,kc_care_h,soep-is-2022,384,kc_wnone_10
soep-is,kidlong,kc_care_h,soep-is-2022,384,kc_wverw_10
soep-is,kidlong,kc_care_v2,soep-is-2022,159,kc_wverw_1
soep-is,kidlong,kc_care_v2,soep-is-2022,184,kc_wverw_2
soep-is,kidlong,kc_care_v2,soep-is-2022,209,kc_wverw_3
soep-is,kidlong,kc_care_v2,soep-is-2022,234,kc_wverw_4
soep-is,kidlong,kc_care_v2,soep-is-2022,259,kc_wverw_5
soep-is,kidlong,kc_care_v2,soep-is-2022,284,kc_wverw_6
soep-is,kidlong,kc_care_v2,soep-is-2022,309,kc_wverw_7
soep-is,kidlong,kc_care_v2,soep-is-2022,334,kc_wverw_8
soep-is,kidlong,kc_care_v2,soep-is-2022,359,kc_wverw_9
soep-is,kidlong,kc_care_v2,soep-is-2022,384,kc_wverw_10
soep-is,kidlong,kc_care_v3,soep-is-2022,159,kc_wfreund_1
soep-is,kidlong,kc_care_v3,soep-is-2022,184,kc_wfreund_2
soep-is,kidlong,kc_care_v3,soep-is-2022,209,kc_wfreund_3
soep-is,kidlong,kc_care_v3,soep-is-2022,234,kc_wfreund_4
soep-is,kidlong,kc_care_v3,soep-is-2022,259,kc_wfreund_5
soep-is,kidlong,kc_care_v3,soep-is-2022,284,kc_wfreund_6
soep-is,kidlong,kc_care_v3,soep-is-2022,309,kc_wfreund_7
soep-is,kidlong,kc_care_v3,soep-is-2022,334,kc_wfreund_8
soep-is,kidlong,kc_care_v3,soep-is-2022,359,kc_wfreund_9
soep-is,kidlong,kc_care_v3,soep-is-2022,384,kc_wfreund_10
soep-is,kidlong,kc_care_v4,soep-is-2022,159,kc_wbezb_1
soep-is,kidlong,kc_care_v4,soep-is-2022,184,kc_wbezb_2
soep-is,kidlong,kc_care_v4,soep-is-2022,209,kc_wbezb_3
soep-is,kidlong,kc_care_v4,soep-is-2022,234,kc_wbezb_4
soep-is,kidlong,kc_care_v4,soep-is-2022,259,kc_wbezb_5
soep-is,kidlong,kc_care_v4,soep-is-2022,284,kc_wbezb_6
soep-is,kidlong,kc_care_v4,soep-is-2022,309,kc_wbezb_7
soep-is,kidlong,kc_care_v4,soep-is-2022,334,kc_wbezb_8
soep-is,kidlong,kc_care_v4,soep-is-2022,359,kc_wbezb_9
soep-is,kidlong,kc_care_v4,soep-is-2022,384,kc_wbezb_10
soep-is,kidlong,kc_care_v5,soep-is-2022,159,kc_wnone_1
soep-is,kidlong,kc_care_v5,soep-is-2022,184,kc_wnone_2
soep-is,kidlong,kc_care_v5,soep-is-2022,209,kc_wnone_3
soep-is,kidlong,kc_care_v5,soep-is-2022,234,kc_wnone_4
soep-is,kidlong,kc_care_v5,soep-is-2022,259,kc_wnone_5
soep-is,kidlong,kc_care_v5,soep-is-2022,284,kc_wnone_6
soep-is,kidlong,kc_care_v5,soep-is-2022,309,kc_wnone_7
soep-is,kidlong,kc_care_v5,soep-is-2022,334,kc_wnone_8
soep-is,kidlong,kc_care_v5,soep-is-2022,359,kc_wnone_9
soep-is,kidlong,kc_care_v5,soep-is-2022,384,kc_wnone_10
soep-is,kidlong,kc_grand,soep-is-2022,159,kc_wgeltern_1
soep-is,kidlong,kc_grand,soep-is-2022,184,kc_wgeltern_2
soep-is,kidlong,kc_grand,soep-is-2022,209,kc_wgeltern_3
soep-is,kidlong,kc_grand,soep-is-2022,234,kc_wgeltern_4
soep-is,kidlong,kc_grand,soep-is-2022,259,kc_wgeltern_5
soep-is,kidlong,kc_grand,soep-is-2022,284,kc_wgeltern_6
soep-is,kidlong,kc_grand,soep-is-2022,309,kc_wgeltern_7
soep-is,kidlong,kc_grand,soep-is-2022,334,kc_wgeltern_8
soep-is,kidlong,kc_grand,soep-is-2022,359,kc_wgeltern_9
soep-is,kidlong,kc_grand,soep-is-2022,384,kc_wgeltern_10
soep-is,kidlong,kc_kindbetr,soep-is-2022,158,kc_kindbetr_1
soep-is,kidlong,kc_kindbetr,soep-is-2022,183,kc_kindbetr_2
soep-is,kidlong,kc_kindbetr,soep-is-2022,208,kc_kindbetr_3
soep-is,kidlong,kc_kindbetr,soep-is-2022,233,kc_kindbetr_4
soep-is,kidlong,kc_kindbetr,soep-is-2022,258,kc_kindbetr_5
soep-is,kidlong,kc_kindbetr,soep-is-2022,283,kc_kindbetr_6
soep-is,kidlong,kc_kindbetr,soep-is-2022,308,kc_kindbetr_7
soep-is,kidlong,kc_kindbetr,soep-is-2022,333,kc_kindbetr_8
soep-is,kidlong,kc_kindbetr,soep-is-2022,358,kc_kindbetr_9
soep-is,kidlong,kc_kindbetr,soep-is-2022,383,kc_kindbetr_10
soep-is,kidlong,kc_mindr_h,soep-is-2022,159,kc_wtagm_1
soep-is,kidlong,kc_mindr_h,soep-is-2022,184,kc_wtagm_2
soep-is,kidlong,kc_mindr_h,soep-is-2022,209,kc_wtagm_3
soep-is,kidlong,kc_mindr_h,soep-is-2022,234,kc_wtagm_4
soep-is,kidlong,kc_mindr_h,soep-is-2022,259,kc_wtagm_5
soep-is,kidlong,kc_mindr_h,soep-is-2022,284,kc_wtagm_6
soep-is,kidlong,kc_mindr_h,soep-is-2022,309,kc_wtagm_7
soep-is,kidlong,kc_mindr_h,soep-is-2022,334,kc_wtagm_8
soep-is,kidlong,kc_mindr_h,soep-is-2022,359,kc_wtagm_9
soep-is,kidlong,kc_mindr_h,soep-is-2022,384,kc_wtagm_10
soep-is,kidlong,kc_mindr_v2,soep-is-2022,159,kc_wtagm_1
soep-is,kidlong,kc_mindr_v2,soep-is-2022,184,kc_wtagm_2
soep-is,kidlong,kc_mindr_v2,soep-is-2022,209,kc_wtagm_3
soep-is,kidlong,kc_mindr_v2,soep-is-2022,234,kc_wtagm_4
soep-is,kidlong,kc_mindr_v2,soep-is-2022,259,kc_wtagm_5
soep-is,kidlong,kc_mindr_v2,soep-is-2022,284,kc_wtagm_6
soep-is,kidlong,kc_mindr_v2,soep-is-2022,309,kc_wtagm_7
soep-is,kidlong,kc_mindr_v2,soep-is-2022,334,kc_wtagm_8
soep-is,kidlong,kc_mindr_v2,soep-is-2022,359,kc_wtagm_9
soep-is,kidlong,kc_mindr_v2,soep-is-2022,384,kc_wtagm_10
soep-is,kidlong,kc_parent,soep-is-2022,159,kc_weltern_1
soep-is,kidlong,kc_parent,soep-is-2022,184,kc_weltern_2
soep-is,kidlong,kc_parent,soep-is-2022,209,kc_weltern_3
soep-is,kidlong,kc_parent,soep-is-2022,234,kc_weltern_4
soep-is,kidlong,kc_parent,soep-is-2022,259,kc_weltern_5
soep-is,kidlong,kc_parent,soep-is-2022,284,kc_weltern_6
soep-is,kidlong,kc_parent,soep-is-2022,309,kc_weltern_7
soep-is,kidlong,kc_parent,soep-is-2022,334,kc_weltern_8
soep-is,kidlong,kc_parent,soep-is-2022,359,kc_weltern_9
soep-is,kidlong,kc_parent,soep-is-2022,384,kc_weltern_10
soep-is,kidlong,kc_part,soep-is-2022,159,kc_wpart_1
soep-is,kidlong,kc_part,soep-is-2022,184,kc_wpart_2
soep-is,kidlong,kc_part,soep-is-2022,209,kc_wpart_3
soep-is,kidlong,kc_part,soep-is-2022,234,kc_wpart_4
soep-is,kidlong,kc_part,soep-is-2022,259,kc_wpart_5
soep-is,kidlong,kc_part,soep-is-2022,284,kc_wpart_6
soep-is,kidlong,kc_part,soep-is-2022,309,kc_wpart_7
soep-is,kidlong,kc_part,soep-is-2022,334,kc_wpart_8
soep-is,kidlong,kc_part,soep-is-2022,359,kc_wpart_9
soep-is,kidlong,kc_part,soep-is-2022,384,kc_wpart_10
soep-is,kidlong,kc_self,soep-is-2022,159,kc_wselbst_1
soep-is,kidlong,kc_self,soep-is-2022,184,kc_wselbst_2
soep-is,kidlong,kc_self,soep-is-2022,209,kc_wselbst_3
soep-is,kidlong,kc_self,soep-is-2022,234,kc_wselbst_4
soep-is,kidlong,kc_self,soep-is-2022,259,kc_wselbst_5
soep-is,kidlong,kc_self,soep-is-2022,284,kc_wselbst_6
soep-is,kidlong,kc_self,soep-is-2022,309,kc_wselbst_7
soep-is,kidlong,kc_self,soep-is-2022,334,kc_wselbst_8
soep-is,kidlong,kc_self,soep-is-2022,359,kc_wselbst_9
soep-is,kidlong,kc_self,soep-is-2022,384,kc_wselbst_10
soep-is,kidlong,kc_sibl,soep-is-2022,159,kc_wgesch_1
soep-is,kidlong,kc_sibl,soep-is-2022,184,kc_wgesch_2
soep-is,kidlong,kc_sibl,soep-is-2022,209,kc_wgesch_3
soep-is,kidlong,kc_sibl,soep-is-2022,234,kc_wgesch_4
soep-is,kidlong,kc_sibl,soep-is-2022,259,kc_wgesch_5
soep-is,kidlong,kc_sibl,soep-is-2022,284,kc_wgesch_6
soep-is,kidlong,kc_sibl,soep-is-2022,309,kc_wgesch_7
soep-is,kidlong,kc_sibl,soep-is-2022,334,kc_wgesch_8
soep-is,kidlong,kc_sibl,soep-is-2022,359,kc_wgesch_9
soep-is,kidlong,kc_sibl,soep-is-2022,384,kc_wgesch_10
soep-is,kidlong,kd_time_h,soep-is-2022,156,kd_time_v2_1
soep-is,kidlong,kd_time_h,soep-is-2022,181,kd_time_v2_2
soep-is,kidlong,kd_time_h,soep-is-2022,206,kd_time_v2_3
soep-is,kidlong,kd_time_h,soep-is-2022,231,kd_time_v2_4
soep-is,kidlong,kd_time_h,soep-is-2022,256,kd_time_v2_5
soep-is,kidlong,kd_time_h,soep-is-2022,281,kd_time_v2_6
soep-is,kidlong,kd_time_h,soep-is-2022,306,kd_time_v2_7
soep-is,kidlong,kd_time_h,soep-is-2022,331,kd_time_v2_8
soep-is,kidlong,kd_time_h,soep-is-2022,356,kd_time_v2_9
soep-is,kidlong,kd_time_h,soep-is-2022,381,kd_time_v2_10
soep-is,kidlong,kd_time_v2,soep-is-2022,156,kd_time_v2_1
soep-is,kidlong,kd_time_v2,soep-is-2022,181,kd_time_v2_2
soep-is,kidlong,kd_time_v2,soep-is-2022,206,kd_time_v2_3
soep-is,kidlong,kd_time_v2,soep-is-2022,231,kd_time_v2_4
soep-is,kidlong,kd_time_v2,soep-is-2022,256,kd_time_v2_5
soep-is,kidlong,kd_time_v2,soep-is-2022,281,kd_time_v2_6
soep-is,kidlong,kd_time_v2,soep-is-2022,306,kd_time_v2_7
soep-is,kidlong,kd_time_v2,soep-is-2022,331,kd_time_v2_8
soep-is,kidlong,kd_time_v2,soep-is-2022,356,kd_time_v2_9
soep-is,kidlong,kd_time_v2,soep-is-2022,381,kd_time_v2_10
soep-is,kidlong,ks_asc_h,soep-is-2022,157,ks_asc_v2_1
soep-is,kidlong,ks_asc_h,soep-is-2022,182,ks_asc_v2_2
soep-is,kidlong,ks_asc_h,soep-is-2022,207,ks_asc_v2_3
soep-is,kidlong,ks_asc_h,soep-is-2022,232,ks_asc_v2_4
soep-is,kidlong,ks_asc_h,soep-is-2022,257,ks_asc_v2_5
soep-is,kidlong,ks_asc_h,soep-is-2022,282,ks_asc_v2_6
soep-is,kidlong,ks_asc_h,soep-is-2022,307,ks_asc_v2_7
soep-is,kidlong,ks_asc_h,soep-is-2022,332,ks_asc_v2_8
soep-is,kidlong,ks_asc_h,soep-is-2022,357,ks_asc_v2_9
soep-is,kidlong,ks_asc_h,soep-is-2022,382,ks_asc_v2_10
soep-is,kidlong,ks_asc_v2,soep-is-2022,157,ks_asc_v2_1
soep-is,kidlong,ks_asc_v2,soep-is-2022,182,ks_asc_v2_2
soep-is,kidlong,ks_asc_v2,soep-is-2022,207,ks_asc_v2_3
soep-is,kidlong,ks_asc_v2,soep-is-2022,232,ks_asc_v2_4
soep-is,kidlong,ks_asc_v2,soep-is-2022,257,ks_asc_v2_5
soep-is,kidlong,ks_asc_v2,soep-is-2022,282,ks_asc_v2_6
soep-is,kidlong,ks_asc_v2,soep-is-2022,307,ks_asc_v2_7
soep-is,kidlong,ks_asc_v2,soep-is-2022,332,ks_asc_v2_8
soep-is,kidlong,ks_asc_v2,soep-is-2022,357,ks_asc_v2_9
soep-is,kidlong,ks_asc_v2,soep-is-2022,382,ks_asc_v2_10
soep-is,kidlong,ks_gen_h,soep-is-2022,136,ks_gen_v4_1
soep-is,kidlong,ks_gen_h,soep-is-2022,161,ks_gen_v4_2
soep-is,kidlong,ks_gen_h,soep-is-2022,186,ks_gen_v4_3
soep-is,kidlong,ks_gen_h,soep-is-2022,211,ks_gen_v4_4
soep-is,kidlong,ks_gen_h,soep-is-2022,236,ks_gen_v4_5
soep-is,kidlong,ks_gen_h,soep-is-2022,261,ks_gen_v4_6
soep-is,kidlong,ks_gen_h,soep-is-2022,286,ks_gen_v4_7
soep-is,kidlong,ks_gen_h,soep-is-2022,311,ks_gen_v4_8
soep-is,kidlong,ks_gen_h,soep-is-2022,336,ks_gen_v4_9
soep-is,kidlong,ks_gen_h,soep-is-2022,361,ks_gen_v4_10
soep-is,kidlong,ks_gen_v4,soep-is-2022,136,ks_gen_v4_1
soep-is,kidlong,ks_gen_v4,soep-is-2022,161,ks_gen_v4_2
soep-is,kidlong,ks_gen_v4,soep-is-2022,186,ks_gen_v4_3
soep-is,kidlong,ks_gen_v4,soep-is-2022,211,ks_gen_v4_4
soep-is,kidlong,ks_gen_v4,soep-is-2022,236,ks_gen_v4_5
soep-is,kidlong,ks_gen_v4,soep-is-2022,261,ks_gen_v4_6
soep-is,kidlong,ks_gen_v4,soep-is-2022,286,ks_gen_v4_7
soep-is,kidlong,ks_gen_v4,soep-is-2022,311,ks_gen_v4_8
soep-is,kidlong,ks_gen_v4,soep-is-2022,336,ks_gen_v4_9
soep-is,kidlong,ks_gen_v4,soep-is-2022,361,ks_gen_v4_10
soep-is,kidlong,ks_hasc,soep-is-2022,157,ks_hasc_1
soep-is,kidlong,ks_hasc,soep-is-2022,182,ks_hasc_2
soep-is,kidlong,ks_hasc,soep-is-2022,207,ks_hasc_3
soep-is,kidlong,ks_hasc,soep-is-2022,232,ks_hasc_4
soep-is,kidlong,ks_hasc,soep-is-2022,257,ks_hasc_5
soep-is,kidlong,ks_hasc,soep-is-2022,282,ks_hasc_6
soep-is,kidlong,ks_hasc,soep-is-2022,307,ks_hasc_7
soep-is,kidlong,ks_hasc,soep-is-2022,332,ks_hasc_8
soep-is,kidlong,ks_hasc,soep-is-2022,357,ks_hasc_9
soep-is,kidlong,ks_hasc,soep-is-2022,382,ks_hasc_10
soep-is,kidlong,ks_none_v3,soep-is-2022,136,ks_none_v3_1
soep-is,kidlong,ks_none_v3,soep-is-2022,161,ks_none_v3_2
soep-is,kidlong,ks_none_v3,soep-is-2022,186,ks_none_v3_3
soep-is,kidlong,ks_none_v3,soep-is-2022,211,ks_none_v3_4
soep-is,kidlong,ks_none_v3,soep-is-2022,236,ks_none_v3_5
soep-is,kidlong,ks_none_v3,soep-is-2022,261,ks_none_v3_6
soep-is,kidlong,ks_none_v3,soep-is-2022,286,ks_none_v3_7
soep-is,kidlong,ks_none_v3,soep-is-2022,311,ks_none_v3_8
soep-is,kidlong,ks_none_v3,soep-is-2022,336,ks_none_v3_9
soep-is,kidlong,ks_none_v3,soep-is-2022,361,ks_none_v3_10
soep-is,kidlong,ks_pre_v6,soep-is-2022,158,ks_pre_v7_1
soep-is,kidlong,ks_pre_v6,soep-is-2022,183,ks_pre_v7_2
soep-is,kidlong,ks_pre_v6,soep-is-2022,208,ks_pre_v7_3
soep-is,kidlong,ks_pre_v6,soep-is-2022,233,ks_pre_v7_4
soep-is,kidlong,ks_pre_v6,soep-is-2022,258,ks_pre_v7_5
soep-is,kidlong,ks_pre_v6,soep-is-2022,283,ks_pre_v7_6
soep-is,kidlong,ks_pre_v6,soep-is-2022,308,ks_pre_v7_7
soep-is,kidlong,ks_pre_v6,soep-is-2022,333,ks_pre_v7_8
soep-is,kidlong,ks_pre_v6,soep-is-2022,358,ks_pre_v7_9
soep-is,kidlong,ks_pre_v6,soep-is-2022,383,ks_pre_v7_10
soep-is,kidlong,ks_spe,soep-is-2022,155,ks_spe_1
soep-is,kidlong,ks_spe,soep-is-2022,180,ks_spe_2
soep-is,kidlong,ks_spe,soep-is-2022,205,ks_spe_3
soep-is,kidlong,ks_spe,soep-is-2022,230,ks_spe_4
soep-is,kidlong,ks_spe,soep-is-2022,255,ks_spe_5
soep-is,kidlong,ks_spe,soep-is-2022,280,ks_spe_6
soep-is,kidlong,ks_spe,soep-is-2022,305,ks_spe_7
soep-is,kidlong,ks_spe,soep-is-2022,330,ks_spe_8
soep-is,kidlong,ks_spe,soep-is-2022,355,ks_spe_9
soep-is,kidlong,ks_spe,soep-is-2022,380,ks_spe_10
soep-is,pl,p_isco08,soep-is-2022,431,pber
soep-is,pl,p_kldb2010,soep-is-2022,431,pber
soep-is,pl,p_nace2,soep-is-2022,432,pbra
soep-is,pl,pab6x1_nr,soep-is-2022,409,pab6x1
soep-is,pl,pab6x2_nr,soep-is-2022,409,pab6x2
soep-is,pl,pbeh3,soep-is-2022,530,pbeh3
soep-is,pl,pbrno_is,soep-is-2022,497,pbrno
soep-is,pl,pla0009_h,soep-is-2022,386,pla0009_v4
soep-is,pl,pla0009_v4,soep-is-2022,386,pla0009_v4
soep-is,pl,pla0012,soep-is-2022,570,pla0012
soep-is,pl,pla0013,soep-is-2022,570,pla0013
soep-is,pl,pla0014,soep-is-2022,570,pla0014
soep-is,pl,pla0047_v2,soep-is-2022,387,pla0047_v2
soep-is,pl,plb0018,soep-is-2022,410,plb0018
soep-is,pl,plb0019_h,soep-is-2022,411,plb0019_v2
soep-is,pl,plb0019_v2,soep-is-2022,411,plb0019_v2
soep-is,pl,plb0021,soep-is-2022,412,plb0021
soep-is,pl,plb0022_h,soep-is-2022,415,plb0022_v11
soep-is,pl,plb0022_v11,soep-is-2022,415,plb0022_v11
soep-is,pl,plb0031_h,soep-is-2022,426,plb0031_v2
soep-is,pl,plb0031_v2,soep-is-2022,426,plb0031_v2
soep-is,pl,plb0032,soep-is-2022,429,plb0032
soep-is,pl,plb0033_v7,soep-is-2022,429,plb0033_v7
soep-is,pl,plb0035,soep-is-2022,433,plb0035
soep-is,pl,plb0036_h,soep-is-2022,433,plb0036_v2
soep-is,pl,plb0036_v2,soep-is-2022,433,plb0036_v2
soep-is,pl,plb0037_h,soep-is-2022,453,plb0037_v3
soep-is,pl,plb0037_v3,soep-is-2022,453,plb0037_v3
soep-is,pl,plb0040,soep-is-2022,451,plb0040_v2
soep-is,pl,plb0041_h,soep-is-2022,452,plb0041_v2
soep-is,pl,plb0041_v2,soep-is-2022,452,plb0041_v2
soep-is,pl,plb0049_h,soep-is-2022,454,plb0049_v6
soep-is,pl,plb0049_v6,soep-is-2022,454,plb0049_v6
soep-is,pl,plb0057_h1,soep-is-2022,443,plb0057_v9
soep-is,pl,plb0057_h2,soep-is-2022,450,plb0057_v10
soep-is,pl,plb0057_v10,soep-is-2022,450,plb0057_v10
soep-is,pl,plb0057_v9,soep-is-2022,443,plb0057_v9
soep-is,pl,plb0058,soep-is-2022,444,plb0058
soep-is,pl,plb0063_h,soep-is-2022,446,plb0063_v3
soep-is,pl,plb0063_v3,soep-is-2022,446,plb0063_v3
soep-is,pl,plb0064_h,soep-is-2022,447,plb0064_v5
soep-is,pl,plb0064_v5,soep-is-2022,447,plb0064_v5
soep-is,pl,plb0065,soep-is-2022,445,plb0065
soep-is,pl,plb0067,soep-is-2022,469,plb0067
soep-is,pl,plb0068,soep-is-2022,470,plb0068
soep-is,pl,plb0176_h,soep-is-2022,455,plb0176_v5
soep-is,pl,plb0176_v5,soep-is-2022,455,plb0176_v5
soep-is,pl,plb0176_v6,soep-is-2022,455,plb0176_v6
soep-is,pl,plb0185_h,soep-is-2022,455,plb0185_v1
soep-is,pl,plb0185_v1,soep-is-2022,455,plb0185_v1
soep-is,pl,plb0186_h,soep-is-2022,461,plb0186_v3
soep-is,pl,plb0186_v3,soep-is-2022,461,plb0186_v3
soep-is,pl,plb0186_v4,soep-is-2022,461,plb0186_v4
soep-is,pl,plb0187_h,soep-is-2022,465,plb0187_v4
soep-is,pl,plb0187_v4,soep-is-2022,465,plb0187_v4
soep-is,pl,plb0193_v2,soep-is-2022,473,plb0193_v2
soep-is,pl,plb0194_v1,soep-is-2022,474,plb0194_v1
soep-is,pl,plb0195_h,soep-is-2022,475,plb0195_v3
soep-is,pl,plb0195_v3,soep-is-2022,475,plb0195_v3
soep-is,pl,plb0205_v2,soep-is-2022,467,plb0205_v2
soep-is,pl,plb0206_v2,soep-is-2022,467,plb0206_v2
soep-is,pl,plb0218,soep-is-2022,468,plb0218
soep-is,pl,plb0219,soep-is-2022,468,plb0219
soep-is,pl,plb0220_h,soep-is-2022,474,plb0220_v1
soep-is,pl,plb0220_v1,soep-is-2022,474,plb0220_v1
soep-is,pl,plb0282_h,soep-is-2022,413,plb0282_v1
soep-is,pl,plb0282_v1,soep-is-2022,413,plb0282_v1
soep-is,pl,plb0284_h,soep-is-2022,430,plb0284_v2
soep-is,pl,plb0284_v2,soep-is-2022,430,plb0284_v2
soep-is,pl,plb0298,soep-is-2022,414,plb0298
soep-is,pl,plb0299,soep-is-2022,414,plb0299
soep-is,pl,plb0417_v2,soep-is-2022,423,plb0417_v2
soep-is,pl,plb0423,soep-is-2022,424,plb0423
soep-is,pl,plb0424_v2,soep-is-2022,425,plb0424_v2
soep-is,pl,plb0478,soep-is-2022,428,plb0478
soep-is,pl,plb0479,soep-is-2022,428,plb0479
soep-is,pl,plb0568_v1,soep-is-2022,442,plb0568_v1
soep-is,pl,plb0618,soep-is-2022,495,plb0618
soep-is,pl,plb0619,soep-is-2022,496,plb0619
soep-is,pl,plb0635,soep-is-2022,466,plb0635
soep-is,pl,plc0013_h,soep-is-2022,477,plc0013_v2
soep-is,pl,plc0013_v2,soep-is-2022,477,plc0013_v2
soep-is,pl,plc0014_h,soep-is-2022,477,plc0014_v2
soep-is,pl,plc0014_v2,soep-is-2022,477,plc0014_v2
soep-is,pl,plc0116,soep-is-2022,501,plc0116
soep-is,pl,plc0128_h,soep-is-2022,501,plc0128_v2
soep-is,pl,plc0128_v2,soep-is-2022,501,plc0128_v2
soep-is,pl,plc0130_h,soep-is-2022,501,plc0130_v1
soep-is,pl,plc0130_v1,soep-is-2022,501,plc0130_v1
soep-is,pl,plc0131_h,soep-is-2022,501,plc0131_v2
soep-is,pl,plc0131_v2,soep-is-2022,501,plc0131_v2
soep-is,pl,plc0132_h,soep-is-2022,501,plc0132_v2
soep-is,pl,plc0132_v2,soep-is-2022,501,plc0132_v2
soep-is,pl,plc0152_h,soep-is-2022,501,plc0152_v1
soep-is,pl,plc0152_v1,soep-is-2022,501,plc0152_v1
soep-is,pl,plc0153_h,soep-is-2022,501,plc0153_v2
soep-is,pl,plc0153_v2,soep-is-2022,501,plc0153_v2
soep-is,pl,plc0167_h,soep-is-2022,501,plc0167_v1
soep-is,pl,plc0167_v1,soep-is-2022,501,plc0167_v1
soep-is,pl,plc0168_h,soep-is-2022,501,plc0168_v2
soep-is,pl,plc0168_v2,soep-is-2022,501,plc0168_v2
soep-is,pl,plc0183_v1,soep-is-2022,501,plc0183_v1
soep-is,pl,plc0184,soep-is-2022,501,plc0184
soep-is,pl,plc0202_h,soep-is-2022,501,plc0202_v1
soep-is,pl,plc0202_v1,soep-is-2022,501,plc0202_v1
soep-is,pl,plc0203_h,soep-is-2022,501,plc0203_v2
soep-is,pl,plc0203_v2,soep-is-2022,501,plc0203_v2
soep-is,pl,plc0232_h,soep-is-2022,501,plc0232_v1
soep-is,pl,plc0232_v1,soep-is-2022,501,plc0232_v1
soep-is,pl,plc0233_h,soep-is-2022,501,plc0233_v2
soep-is,pl,plc0233_v2,soep-is-2022,501,plc0233_v2
soep-is,pl,plc0273_h,soep-is-2022,501,plc0273_v1
soep-is,pl,plc0273_v1,soep-is-2022,501,plc0273_v1
soep-is,pl,plc0274_h,soep-is-2022,501,plc0274_v2
soep-is,pl,plc0274_v2,soep-is-2022,501,plc0274_v2
soep-is,pl,plc0534_h,soep-is-2022,501,plc0534_v1
soep-is,pl,plc0534_v1,soep-is-2022,501,plc0534_v1
soep-is,pl,plc0535,soep-is-2022,501,plc0535
soep-is,pl,plc0595,soep-is-2022,501,plc0595
soep-is,pl,plc0596,soep-is-2022,501,plc0596
soep-is,pl,pld0038,soep-is-2022,570,pld0038
soep-is,pl,pld0039,soep-is-2022,570,pld0039
soep-is,pl,pld0040,soep-is-2022,570,pld0040
soep-is,pl,pld0047,soep-is-2022,561,pld0047
soep-is,pl,pld0131_h,soep-is-2022,562,pld0131_v3
soep-is,pl,pld0131_v3,soep-is-2022,562,pld0131_v3
soep-is,pl,pld0132_h,soep-is-2022,566,pld0132_v1
soep-is,pl,pld0132_v1,soep-is-2022,566,pld0132_v1
soep-is,pl,pld0133,soep-is-2022,567,pld0133
soep-is,pl,pld0134,soep-is-2022,570,pld0134
soep-is,pl,pld0135,soep-is-2022,570,pld0135
soep-is,pl,pld0136,soep-is-2022,570,pld0136
soep-is,pl,pld0137,soep-is-2022,570,pld0137
soep-is,pl,pld0138,soep-is-2022,570,pld0138
soep-is,pl,pld0139,soep-is-2022,570,pld0139
soep-is,pl,pld0140,soep-is-2022,570,pld0140
soep-is,pl,pld0141,soep-is-2022,570,pld0141
soep-is,pl,pld0142,soep-is-2022,570,pld0142
soep-is,pl,pld0143,soep-is-2022,570,pld0143
soep-is,pl,pld0144,soep-is-2022,570,pld0144
soep-is,pl,pld0145,soep-is-2022,570,pld0145
soep-is,pl,pld0146,soep-is-2022,570,pld0146
soep-is,pl,pld0147,soep-is-2022,570,pld0147
soep-is,pl,pld0148,soep-is-2022,570,pld0148
soep-is,pl,pld0149,soep-is-2022,570,pld0149
soep-is,pl,pld0150,soep-is-2022,570,pld0150
soep-is,pl,pld0151,soep-is-2022,570,pld0151
soep-is,pl,pld0152,soep-is-2022,570,pld0152
soep-is,pl,pld0153,soep-is-2022,570,pld0153
soep-is,pl,pld0154,soep-is-2022,570,pld0154
soep-is,pl,pld0155,soep-is-2022,570,pld0155
soep-is,pl,pld0156,soep-is-2022,570,pld0156
soep-is,pl,pld0158,soep-is-2022,570,pld0158
soep-is,pl,pld0159,soep-is-2022,570,pld0159
soep-is,pl,pld0160,soep-is-2022,570,pld0160
soep-is,pl,pld0161,soep-is-2022,570,pld0161
soep-is,pl,pld0162,soep-is-2022,570,pld0162
soep-is,pl,pld0163,soep-is-2022,570,pld0163
soep-is,pl,pld0164,soep-is-2022,570,pld0164
soep-is,pl,pld0165,soep-is-2022,570,pld0165
soep-is,pl,pld0166,soep-is-2022,570,pld0166
soep-is,pl,pld0167,soep-is-2022,570,pld0167
soep-is,pl,pld0168,soep-is-2022,570,pld0168
soep-is,pl,pld0169,soep-is-2022,570,pld0169
soep-is,pl,pld0170,soep-is-2022,570,pld0170
soep-is,pl,pld0171,soep-is-2022,570,pld0171
soep-is,pl,pld0297,soep-is-2022,561,pld0297
soep-is,pl,pld0298_h,soep-is-2022,569,pld0298_v2
soep-is,pl,pld0298_v2,soep-is-2022,569,pld0298_v2
soep-is,pl,pld0299,soep-is-2022,563,pld0299
soep-is,pl,pld0300,soep-is-2022,564,pld0300
soep-is,pl,ple0004,soep-is-2022,525,ple0004
soep-is,pl,ple0005,soep-is-2022,526,ple0005
soep-is,pl,ple0006,soep-is-2022,536,ple0006
soep-is,pl,ple0007,soep-is-2022,537,ple0007
soep-is,pl,ple0008,soep-is-2022,524,ple0008
soep-is,pl,ple0026,soep-is-2022,527,ple0026
soep-is,pl,ple0027,soep-is-2022,527,ple0027
soep-is,pl,ple0028,soep-is-2022,527,ple0028
soep-is,pl,ple0029,soep-is-2022,527,ple0029
soep-is,pl,ple0030,soep-is-2022,527,ple0030
soep-is,pl,ple0031,soep-is-2022,527,ple0031
soep-is,pl,ple0032,soep-is-2022,527,ple0032
soep-is,pl,ple0033,soep-is-2022,527,ple0033
soep-is,pl,ple0034,soep-is-2022,527,ple0034
soep-is,pl,ple0035,soep-is-2022,527,ple0035
soep-is,pl,ple0036,soep-is-2022,538,ple0036
soep-is,pl,ple0040,soep-is-2022,528,ple0040
soep-is,pl,ple0041,soep-is-2022,529,ple0041
soep-is,pl,ple0044_h,soep-is-2022,546,ple0044_v1
soep-is,pl,ple0044_v1,soep-is-2022,546,ple0044_v1
soep-is,pl,ple0046,soep-is-2022,546,ple0046
soep-is,pl,ple0053,soep-is-2022,545,ple0053
soep-is,pl,ple0072,soep-is-2022,542,ple0072
soep-is,pl,ple0073,soep-is-2022,542,ple0073
soep-is,pl,ple0081_h,soep-is-2022,532,ple0081_v2
soep-is,pl,ple0081_v2,soep-is-2022,532,ple0081_v2
soep-is,pl,ple0086_v4,soep-is-2022,533,ple0086_v4
soep-is,pl,ple0086_v5,soep-is-2022,533,ple0086_v5
soep-is,pl,ple0176,soep-is-2022,534,ple0176
soep-is,pl,ple0192i01,soep-is-2022,531,ple0192i01
soep-is,pl,ple0193i02,soep-is-2022,531,ple0193i02
soep-is,pl,ple0194i03,soep-is-2022,531,ple0194i03
soep-is,pl,ple0195,soep-is-2022,535,ple0195
soep-is,pl,ple0195i04,soep-is-2022,531,ple0195i04
soep-is,pl,ple0197,soep-is-2022,539,ple0197
soep-is,pl,ple0200,soep-is-2022,540,ple0200
soep-is,pl,ple0201,soep-is-2022,541,ple0201
soep-is,pl,plg0012_h,soep-is-2022,398,plg0012_v2
soep-is,pl,plg0012_v2,soep-is-2022,398,plg0012_v2
soep-is,pl,plg0013_h,soep-is-2022,400,plg0013_v4
soep-is,pl,plg0013_v4,soep-is-2022,400,plg0013_v4
soep-is,pl,plg0014_v7,soep-is-2022,401,plg0014_v7
soep-is,pl,plg0072,soep-is-2022,402,plg0072
soep-is,pl,plg0073,soep-is-2022,404,plg0073
soep-is,pl,plg0074,soep-is-2022,404,plg0074
soep-is,pl,plg0076,soep-is-2022,405,plg0076
soep-is,pl,plg0077,soep-is-2022,406,plg0077
soep-is,pl,plg0078_h,soep-is-2022,408,plg0078_v1
soep-is,pl,plg0078_v1,soep-is-2022,408,plg0078_v1
soep-is,pl,plg0079_v4,soep-is-2022,409,plg0079_v4
soep-is,pl,plg0267_h,soep-is-2022,399,plg0267_v2
soep-is,pl,plg0267_v2,soep-is-2022,399,plg0267_v2
soep-is,pl,plg0268,soep-is-2022,407,plg0268
soep-is,pl,plh0007,soep-is-2022,547,plh0007
soep-is,pl,plh0011_h,soep-is-2022,548,plh0011_v3
soep-is,pl,plh0011_v3,soep-is-2022,548,plh0011_v3
soep-is,pl,plh0012_h,soep-is-2022,549,plh0012_v6
soep-is,pl,plh0012_v6,soep-is-2022,549,plh0012_v6
soep-is,pl,plh0013_h,soep-is-2022,550,plh0013_v2
soep-is,pl,plh0013_v2,soep-is-2022,550,plh0013_v2
soep-is,pl,plh0138,soep-is-2022,490,plh0138
soep-is,pl,plh0139,soep-is-2022,490,plh0139
soep-is,pl,plh0140,soep-is-2022,493,plh0140
soep-is,pl,plh0141,soep-is-2022,493,plh0141
soep-is,pl,plh0155,soep-is-2022,388,plh0155
soep-is,pl,plh0171,soep-is-2022,388,plh0171
soep-is,pl,plh0172,soep-is-2022,388,plh0172
soep-is,pl,plh0173,soep-is-2022,388,plh0173
soep-is,pl,plh0174,soep-is-2022,388,plh0174
soep-is,pl,plh0175,soep-is-2022,388,plh0175
soep-is,pl,plh0176,soep-is-2022,388,plh0176
soep-is,pl,plh0177,soep-is-2022,388,plh0177
soep-is,pl,plh0178,soep-is-2022,388,plh0178
soep-is,pl,plh0179,soep-is-2022,388,plh0179
soep-is,pl,plh0180,soep-is-2022,388,plh0180
soep-is,pl,plh0182,soep-is-2022,573,plh0182
soep-is,pl,plh0184,soep-is-2022,389,plh0184
soep-is,pl,plh0185,soep-is-2022,389,plh0185
soep-is,pl,plh0186,soep-is-2022,389,plh0186
soep-is,pl,plh0187,soep-is-2022,389,plh0187
soep-is,pl,plh0204_h,soep-is-2022,391,plh0204_v2
soep-is,pl,plh0204_v2,soep-is-2022,391,plh0204_v2
soep-is,pl,plh0212,soep-is-2022,393_2,plh0212
soep-is,pl,plh0213,soep-is-2022,393_2,plh0213
soep-is,pl,plh0214,soep-is-2022,393_2,plh0214
soep-is,pl,plh0215,soep-is-2022,393_2,plh0215
soep-is,pl,plh0216,soep-is-2022,393_2,plh0216
soep-is,pl,plh0217,soep-is-2022,393_2,plh0217
soep-is,pl,plh0218,soep-is-2022,393_2,plh0218
soep-is,pl,plh0219,soep-is-2022,393_2,plh0219
soep-is,pl,plh0220,soep-is-2022,393_2,plh0220
soep-is,pl,plh0221,soep-is-2022,393_2,plh0221
soep-is,pl,plh0222,soep-is-2022,393_2,plh0222
soep-is,pl,plh0223,soep-is-2022,393_2,plh0223
soep-is,pl,plh0224,soep-is-2022,393_2,plh0224
soep-is,pl,plh0225,soep-is-2022,393_2,plh0225
soep-is,pl,plh0226,soep-is-2022,393_2,plh0226
soep-is,pl,plh0255,soep-is-2022,393_2,plh0255
soep-is,pl,plh0333,soep-is-2022,551,plh0333
soep-is,pl,plh0334,soep-is-2022,390,plh0334
soep-is,pl,plh0337_v2,soep-is-2022,489,plh0337_v2
soep-is,pl,plh0338_v2,soep-is-2022,492,plh0338_v2
soep-is,pl,plh0353_v3,soep-is-2022,471,plh0353_v3
soep-is,pl,plh0354_h,soep-is-2022,472,plh0354_v3
soep-is,pl,plh0354_v3,soep-is-2022,472,plh0354_v3
soep-is,pl,plh0354_v4,soep-is-2022,472,plh0354_v4
soep-is,pl,plh0407,soep-is-2022,389,plh0407
soep-is,pl,pli0059,soep-is-2022,397,pli0059
soep-is,pl,pli0060,soep-is-2022,397,pli0060
soep-is,pl,plj0014_h,soep-is-2022,556,plj0014_v3
soep-is,pl,plj0014_h,soep-is-2022,559,plj0014_v4
soep-is,pl,plj0014_v3,soep-is-2022,556,plj0014_v3
soep-is,pl,plj0014_v5,soep-is-2022,559,plj0014_v4
soep-is,pl,plj0024_h,soep-is-2022,557,plj0024_v1
soep-is,pl,plj0024_v1,soep-is-2022,557,plj0024_v1
soep-is,pl,plj0175,soep-is-2022,558,plj0175
soep-is,pl,plk0019,soep-is-2022,787,plk0019
soep-is,pl,plk0021,soep-is-2022,787,plk0021
soep-is,pl,plk0022_v2,soep-is-2022,788,plk0022_v2
soep-is,pl,plk0059,soep-is-2022,787,plk0059
soep-is,pl,plk0060,soep-is-2022,787,plk0060
soep-is,pl,pnebbr_is,soep-is-2022,497,pnebbr
